latitude;longitude;Altitude;caida;Temperature_1;Temperature_2;Barometric_Pressure;pitch;rueda;yaw;Accelerometer_X;Accelerometer_Y;Accelerometer_Z;Speed
4.628092;-74.065249;1;1;10;28.677.401;2.009;16.376;0.3588;-10.856;0.0468;1;-0.9945;0.66
4.628082;-74.065242;1.3;0;10.12;28.677.401;4.018;16.284;0.3496;-1.058;0.0585;6;-0.9789;2.16
4.627932;-74.064985;1.6;0;10.24;28.677.401;6.027;16.376;0.3588;-10.672;0.0546;11;-0.9945;3.66
4.627718;-74.064620;1.9;0;10.36;28.677.401;8.036;16.836;0.3772;-10.488;0.0273;16;-0.9945;5.16
4.627472;-74.064223;2.2;0;10.48;2.869.754;10.045;16.284;0.368;-10.856;0.039;21;-0.9711;6.66
4.627162;-74.063880;2.5;1;10.6;2.869.754;12.054;1.656;0.368;-1.058;0.0468;26;-10.257;8.16
4.626724;-74.065907;2.8;1;10.72;2.869.754;14.063;16.284;0.3404;-10.948;0.0312;31;-0.9828;9.66
4.626681;-74.063461;3.1;1;10.84;28.707.609;16.072;16.652;0.3312;-10.764;0.0585;36;-10.023;11.16
4.626221;-74.063096;3.4;0;10.96;2.871.768;18.081;16.836;0.3496;-10.672;0.039;41;-0.9867;12.66
4.625729;-74.062667;3.7;1;11.08;2.873.782;20.090;16.652;0.3036;-11.132;0.0507;46;-0.9945;14.16
4.625109;-74.062259;4;0;11.2;2.873.782;22.099;16.284;0.3404;-10.948;0.0507;51;-0.9906;15.66
4.624628;-74.061937;4.3;0;11.32;2.873.782;24.108;16.376;0.322;-10.948;0.0507;56;-0.9828;17.16
4.624018;-74.061765;4.6;0;11.44;2.873.782;26.117;16.008;0.3036;-1.104;0.0312;61;-0.9945;18.66
4.623162;-74.061443;4.9;0;11.56;2.873.782;28.126;16.744;0.3404;-10.764;0.0429;66;-0.9828;20.16
4.622210;-74.061153;5.2;0;11.68;29.452.789;30.135;13.708;-0.184;-0.9752;0.0351;71;-10.062;21.66
4.621109;-74.061679;5.5;1;11.8;2.946.286;32.144;14.076;-0.1564;-0.9936;0.0273;76;-0.9711;23.16
4.619826;-74.061818;5.8;0;11.92;29.472.931;34.153;1.38;-0.1748;-10.396;0.0468;81;-1.014;24.66
4.618349;-74.061143;6.1;0;12.04;29.493.071;36.162;13.708;-0.1472;-10.028;0.039;86;-0.9672;26.16
4.615338;-74.061903;6.4;0;12.16;29.503.139;38.171;13.984;-0.2116;-0.9844;0.0507;91;-0.9984;27.66
4.614878;-74.062826;6.7;1;12.28;29.503.139;40.180;1.38;-0.184;-10.212;0.0234;90;-0.975;29.16
4.614397;-74.063384;7;1;12.4;29.523.279;42.189;13.892;-0.1656;-10.028;0.0507;89;-0.9594;30.66
4.613424;-74.063287;7.3;1;12.52;2.953.335;44.198;1.426;-0.1932;-10.212;0.0312;88;-0.9984;32.16
4.612489;-74.064193;7.6;1;12.64;29.543.421;46.207;13.984;-0.184;-0.9752;0.0546;87;-0.9828;33.66
4.611195;-74.066935;7.9;1;12.76;29.543.421;48.216;13.892;-0.1472;-0.9844;0.0429;86;-0.9555;35.16
4.610338;-74.067280;8.2;1;12.88;2.956.356;50.225;14.168;-0.2024;-0.9752;0.0468;85;-0.9633;36.66
4.607312;-74.067068;8.5;1;13;29.573.629;52.234;13.524;-0.1288;-1.012;0.0624;84;-0.9828;38.16
4.604393;-74.066371;8.8;1;13.12;29.573.629;54.243;1.38;-0.1656;-10.028;0.0273;83;-0.9984;39.66
4.602832;-74.065867;9.1;1;13.24;29.593.769;56.252;13.984;-0.1932;-10.396;0.0429;82;-10.062;41.16
4.601538;-74.064783;9.4;1;13.36;29.593.769;58.261;1.38;-0.2116;-0.966;0.039;81;-0.9672;42.66
4.600303;-74.064009;9.7;1;13.48;2.960.384;60.270;13.708;-0.1932;-0.9936;0.0351;80;-10.062;44.16
4.599426;-74.062625;10;1;13.6;29.613.911;62.279;13.524;-0.23;-10.028;0.0429;79;-0.9984;45.66
4.599415;-74.060887;10.3;1;13.72;2.963.405;64.288;13.708;-0.2208;-10.028;0.0429;78;-10.023;47.16
4.599490;-74.060018;10.6;1;13.84;29.644.119;66.297;13.892;-0.1656;-0.9936;0.0351;77;-0.9672;48.66
4.599629;-74.058945;10.9;1;13.96;29.644.119;68.306;1.38;-0.1564;-0.9568;0.0585;76;-0.9789;50.16
4.602709;-74.057175;11.2;1;14.08;29.664.261;70.315;14.076;-0.1748;-0.9844;0.039;75;-0.975;51.66
4.603768;-74.055512;11.5;1;14.2;2.967.433;72.324;13.524;-0.23;-1.012;0.0546;74;-0.9828;53.16
4.605213;-74.054227;11.8;1;14.32;29.684.401;74.333;13.708;-0.1196;-0.9752;0.0429;73;-0.9906;54.66
4.606357;-74.053740;12.1;1;14.44;29.684.401;76.342;13.708;-0.1748;-0.966;0.0351;72;-0.9711;56.16
4.607544;-74.053112;12.4;1;14.56;29.684.401;78.351;13.984;-0.184;-0.9752;0.0312;71;-0.9945;57.66
4.609431;-74.053550;12.7;1;14.68;29.684.401;80.360;13.892;-0.2116;-1.012;0.0468;70;-0.9633;59.16
4.609784;-74.055996;13;1;14.8;29.714.609;82.369;13.708;-0.1748;-0.9936;0.0507;69;-0.9906;60.66
4.609656;-74.058045;13.3;1;14.92;29.734.751;84.378;13.708;-0.1748;-0.966;0.0507;68;-0.9906;62.16
4.609004;-74.060641;13.6;1;15.04;29.734.751;75.067;1.426;-0.1564;-0.9936;0.0507;67;-0.9789;63.66
4.607550;-74.062572;13.9;1;15.16;2.974.482;75.081;13.984;-0.1748;-0.9844;0.0468;66;-0.9945;65.16
4.606085;-74.063924;14.2;1;15.28;2.975.489;75.124;13.708;-0.1748;-10.028;0.0468;65;-0.9867;66.66
4.604805;-74.066479;14.5;1;15.4;2.977.503;75.077;1.38;-0.1656;-10.028;0.0429;64;-0.9945;68.16
4.604655;-74.069761;14.8;1;15.52;2.977.503;75.192;13.984;-0.1564;-1.012;0.0429;63;-0.9828;69.66
4.608012;-74.072858;15.1;1;15.64;29.785.101;75.058;14.076;-0.1564;-0.9844;0.0429;62;-10.062;71.16
4.610482;-74.073040;15.4;1;15.76;2.979.517;75.087;1.38;-0.2024;-0.9844;0.0624;61;-10.023;72.66
4.612877;-74.073072;15.7;1;15.88;2.979.517;75.095;1.426;-0.1472;-10.488;0.0507;60;-10.023;74.16
4.615583;-74.072568;16;1;16;2.981.531;75.244;1.38;-0.1564;-1.012;0.0624;59;-0.9867;75.66
4.617925;-74.071484;16.3;1;16.12;2.982.538;75.174;14.076;-0.1748;-1.012;0.0507;58;-0.9711;77.16
4.619882;-74.070411;16.6;1;16.24;2.982.538;75.150;1.38;-0.1656;-10.212;0.0507;57;-0.9828;78.66
4.622021;-74.069553;16.9;1;16.36;2.984.552;75.276;13.708;-0.1564;-0.9844;0.0351;56;-0.9984;80.16
4.624085;-74.069177;17.2;1;16.48;2.984.552;75.080;13.984;-0.2024;-10.028;0.0351;55;-0.9711;81.66
4.626288;-74.068705;17.5;1;16.6;29.855.591;75.032;14.168;-0.1656;-0.9844;0.0546;54;-0.9828;83.16
4.628683;-74.068319;17.8;1;16.72;2.986.566;75.123;1.38;-0.1932;-10.028;0.0468;53;-0.975;84.66
4.631207;-74.067825;18.1;1;16.84;2.986.566;75.093;13.892;-0.1564;-10.212;0.0429;52;-0.9984;86.16
4.633795;-74.067310;18.4;1;16.96;2.986.566;75.231;14.168;-0.184;-1.012;0.0468;51;-0.9789;87.66
4.633260;-74.066881;18.7;1;17.08;2.989.587;75.044;13.616;-0.1748;-0.9936;0.0429;50;-0.9828;89.16
4.632372;-74.066720;19;1;17.2;2.991.601;75.088;1.38;-0.1748;-10.304;0.0507;49;-0.9789;90.66
4.631249;-74.066613;19.3;1;17.32;2.991.601;75.018;1.38;-0.1748;-0.9936;0.0468;48;-0.9789;92.16
4.629848;-74.066795;19.6;1;17.44;2.991.601;75.157;1.426;-0.2208;-0.9936;0.0468;47;-0.9867;93.66
4.629848;-74.066205;19.9;1;17.56;2.993.615;75.269;13.708;-0.1564;-0.9936;0.0468;46;-0.9945;95.16
4.629196;-74.066130;20.2;1;17.68;2.993.615;75.297;14.076;-0.138;-10.212;0.039;45;-0.9789;96.66
4.628544;-74.066259;20.5;1;17.8;29.956.289;75.025;13.524;-0.1288;-0.9844;0.039;44;-0.9906;98.16
4.628159;-74.065594;20.8;1;17.92;29.956.289;75.254;13.984;-0.1656;-1.012;0.0312;43;-10.101;99.66
4.628092;-74.065249;21.1;1;18.04;29.956.289;75.107;13.524;-0.1748;-1.012;0.0312;42;-0.9711;101.16
4.628082;-74.065242;21.4;1;18.16;2.996.636;75.256;13.984;-0.1472;-0.9936;0.0468;41;-0.9711;102.66
4.627932;-74.064985;21.7;1;18.28;299.865;75.151;14.168;-0.1472;-10.304;0.0273;40;-0.9867;104.16
4.627718;-74.064620;22;1;18.4;299.865;75.224;14.168;-0.184;-1.012;0.0429;39;-0.9906;105.66
4.627472;-74.064223;22.3;1;18.52;29.996.571;75.093;13.524;-0.1288;-0.9936;0.0507;38;-0.9672;107.16
4.627162;-74.063880;22.6;1;18.64;29.996.571;75.283;1.38;-0.2024;-0.9936;0.0507;37;-0.975;108.66
4.626724;-74.065907;22.9;1;18.76;30.006.639;75.195;13.892;-0.1472;-0.9752;0.0351;36;-0.9789;110.16
4.626681;-74.063461;23.2;1;18.88;30.026.779;75.016;14.168;-0.1932;-0.9844;0.0546;35;-0.9672;111.66
4.626221;-74.063096;23.5;1;19;30.026.779;75.100;1.334;-0.1748;-0.9844;0.039;34;-0.9828;113.16
4.625729;-74.062667;23.8;1;19.12;3.003.685;75.266;13.708;-0.1932;-0.9568;0.0273;33;-0.9984;114.66
4.625109;-74.062259;24.1;1;19.24;3.003.685;75.243;14.076;-0.2024;-10.028;0.0429;32;-0.9555;116.16
4.624628;-74.061937;24.4;1;19.36;3.005.699;75.260;13.708;-0.1748;-10.396;0.0585;31;-0.9867;117.66
4.624018;-74.061765;24.7;1;19.48;3.005.699;75.262;13.524;-0.1564;-0.9844;0.0312;30;-0.9984;119.16
4.623162;-74.061443;25;1;19.6;3.005.699;75.026;13.984;-0.2116;-0.9936;0.0585;29;-0.9906;120.66
4.622210;-74.061153;25.3;1;19.72;30.077.129;75.148;1.426;-0.184;-0.9752;0.0312;28;-0.9789;122.16
4.621109;-74.061679;25.6;1;19.84;30.077.129;75.261;13.708;-0.2116;-10.028;0.0468;27;-0.9867;123.66
4.619826;-74.061818;25.9;1;19.96;30.097.269;75.145;13.984;-0.1196;-10.028;0.0351;26;-0.9672;123.97
4.618349;-74.061143;26.2;1;20.08;3.010.734;75.061;13.984;-0.2116;-0.9844;0.0585;25;-0.9633;124.28
4.615338;-74.061903;26.5;1;20.2;3.010.734;75.132;14.076;-0.2024;-10.028;0.0429;24;-0.9672;124.59
4.614878;-74.062826;26.8;1;20.32;3.012.748;75.104;13.892;-0.1748;-1.012;0.0351;23;-0.9867;124.9
4.614397;-74.063384;27.1;1;20.44;3.010.734;75.202;14.168;-0.1932;-0.9568;0.0429;22;-0.9828;125.21
4.613424;-74.063287;27.4;1;20.56;3.012.748;75.193;1.426;-0.1932;-0.9752;0.0351;21;-0.9906;125.52
4.612489;-74.064193;27.7;1;20.68;3.013.755;75.029;1.38;-0.1564;-1.012;0.0468;20;-10.023;125.83
4.611195;-74.066935;28;1;20.8;30.147.619;75.112;13.524;-0.1656;-0.9752;0.0351;19;-0.975;126.14
4.610338;-74.067280;28.3;1;20.92;30.147.619;75.270;13.984;-0.2208;-10.396;0.0624;18;-0.9867;126.45
4.607312;-74.067068;28.6;1;21.04;30.167.761;75.013;14.444;-0.2208;-10.396;0.0507;17;-0.9828;126.76
4.604393;-74.066371;28.9;1;21.16;30.167.761;75.170;13.708;-0.2576;-10.488;0.0507;16;-0.9945;127.07
4.602832;-74.065867;29.2;1;21.28;3.017.783;75.055;13.616;-0.2208;-10.304;0.0351;15;-0.9945;127.38
4.601538;-74.064783;29.5;1;21.4;3.017.783;75.059;1.38;-0.2208;-10.396;0.0468;14;-0.975;127.69
4.600303;-74.064009;29.8;1;21.52;30.187.901;75.076;1.426;-0.2024;-1.012;0.0429;13;-0.9789;128
4.599426;-74.062625;30.1;1;21.64;3.020.804;75.066;14.168;-0.1932;-10.212;0.0351;12;-0.975;128.31
4.599415;-74.060887;30.4;1;21.76;3.020.804;75.271;14.076;-0.1932;-1.012;0.0351;11;-0.9867;128.62
4.599490;-74.060018;30.7;1;21.88;30.218.109;75.259;13.892;-0.2208;-10.304;0.0663;10;-0.9594;128.93
4.599629;-74.058945;31;1;22;30.238.251;75.200;13.708;-0.0644;-10.672;0.0429;9;-0.9711;129.24
4.602709;-74.057175;31.3;1;22.12;30.238.251;75.279;-0.4876;-4.094;-85.744;0.6357;8;0.6708;129.55
4.603768;-74.055512;31.6;1;22.24;30.238.251;75.252;-0.7268;-40.756;-84.732;0.7683;7;0.6084;129.86
4.605213;-74.054227;31.9;1;22.36;3.024.832;75.143;-0.276;-44.068;-85.008;0.6864;6;0.6747;130.17
4.606357;-74.053740;32.2;1;22.48;3.025.839;75.065;-0.0184;-44.344;-86.756;0.6357;5;0.6474;130.48
4.607544;-74.053112;32.5;1;22.6;3.027.853;75.185;0.0736;-41.216;-90.528;0.6279;4;0.6864;130.79
4.609431;-74.053550;32.8;1;22.72;30.288.601;75.029;0.0368;-4.416;-85.652;0.6396;3;0.6981;131.1
4.609784;-74.055996;33.1;1;22.84;30.308.741;75.178;-0.23;-44.988;-83.812;0.6162;2;0.702;131.41
4.609656;-74.058045;33.4;1;22.96;3.031.881;75.113;13.248;22.816;-9.844;0.507;1;0.6084;131.72
4.609004;-74.060641;33.7;1;23.08;3.032.888;75.126;2.07;24.196;-97.428;0.4875;0;0.6864;132.03
4.607550;-74.062572;34;1;23.2;3.032.888;75.198;-19.964;0.966;-77.004;0.9594;-1;0.5772;132.34
4.606085;-74.063924;34.3;1;23.32;3.034.902;75.054;-23.644;0.414;-71.576;0.8697;-2;0.4251;132.65
4.604805;-74.066479;34.6;1;23.44;30.359.091;75.235;-24.104;0.506;-70.748;0.9126;-3;0.4251;132.96
4.604655;-74.069761;34.9;1;23.56;30.359.091;75.031;-10.488;27.968;-6.67;0.9399;-4;0.0741;133.27
4.608012;-74.072858;35.2;1;23.68;30.389.299;75.071;16.376;45.632;-62.652;-0.0351;-5;-0.3042;133.58
4.610482;-74.073040;35.5;1;23.8;3.039.937;75.237;20.148;37.444;-90.436;0.0546;-6;0.2886;133.89
4.612877;-74.073072;35.8;1;23.92;3.039.937;75.210;19.688;2.622;-101.752;0.0585;-7;0.624;134.2
4.615583;-74.072568;36.1;1;24.04;3.041.951;75.150;19.964;26.404;-101.844;0.0585;-8;0.624;134.51
4.617925;-74.071484;36.4;1;24.16;30.429.581;75.115;19.504;2.668;-102.212;0.0468;-9;0.6006;134.82
4.619882;-74.070411;36.7;1;24.28;3.044.972;75.291;20.148;2.668;-101.936;0.0507;-10;0.6084;135.13
4.622021;-74.069553;37;1;24.4;30.459.789;75.031;20.148;26.312;-10.212;0.0507;-11;0.6318;135.44
4.624085;-74.069177;37.3;1;24.52;3.046.986;75.057;1.978;27.508;-10.12;0.0351;-12;0.6084;135.75
4.626288;-74.068705;37.6;1;24.64;3.046.986;75.269;19.964;2.668;-101.752;0.0624;-13;0.6084;136.06
4.628683;-74.068319;37.9;1;24.76;30.49;75.052;1.978;2.668;-10.166;0.0507;-11;0.6279;136.37
4.631207;-74.067825;38.2;1;24.88;30.49;75.201;19.596;27.048;-101.384;0.0507;-9;0.6084;136.68
4.633795;-74.067310;38.5;1;25;30.500.071;75.169;19.872;26.956;-101.936;0.0546;-7;0.5967;136.99
4.633260;-74.066881;38.8;1;25.12;30.510.139;75.149;2.024;26.496;-102.212;0.0351;-5;0.5772;137.3
4.632372;-74.066720;39.1;1;25.24;30.510.139;75.016;1.978;27.048;-102.212;0.0585;-3;0.6123;137.61
4.631249;-74.066613;39.4;1;25.36;30.530.279;75.251;1.978;2.714;-101.568;0.0663;-1;0.6201;137.92
4.629848;-74.066795;39.7;1;25.48;3.054.035;75.240;19.688;27.416;-101.016;0.0468;1;0.6045;138.23
4.629848;-74.066205;40;1;25.6;3.054.035;75.295;19.872;2.668;-101.568;0.0663;3;0.6006;138.54
4.629196;-74.066130;40.3;1;25.72;3.056.049;75.046;19.872;26.864;-101.936;0.0468;5;0.624;138.85
4.628544;-74.066259;40.6;1;25.84;3.057.056;75.104;19.872;26.128;-10.212;0.0546;7;0.6123;139.16
4.628159;-74.065594;40.9;1;25.96;30.580.629;75.271;19.688;26.772;-10.212;0.0585;9;0.6006;139.47
4.628092;-74.065249;41.2;1;26.08;30.580.629;75.290;1.978;2.668;-101.108;0.0624;11;0.6201;139.78
4.628082;-74.065242;41.5;1;26.2;30.600.771;75.034;19.412;2.668;-101.568;0.0585;13;0.5928;140.09
4.627932;-74.064985;41.8;1;26.32;3.061.084;75.242;19.688;26.496;-100.648;0.0546;15;0.6123;140.4
4.627718;-74.064620;42.1;1;26.44;3.061.084;75.161;19.964;26.864;-101.568;0.0546;17;0.6123;140.71
4.627472;-74.064223;42.4;1;26.56;3.063.098;75.096;1.978;26.772;-101.844;0.0546;19;0.6045;141.02
4.627162;-74.063880;42.7;1;26.68;3.064.105;75.231;19.596;26.864;-101.568;0.0468;21;0.6006;141.33
4.626724;-74.065907;43;1;26.8;30.651.119;75.257;1.978;26.864;-101.016;0.0585;23;0.6123;141.64
4.626681;-74.063461;43.3;1;26.92;30.651.119;75.115;19.596;27.232;-10.212;0.0702;25;0.6123;141.95
4.626221;-74.063096;43.6;1;27.04;30.671.261;75.032;20.148;26.496;-10.212;0.0585;27;0.6084;142.26
4.625729;-74.062667;43.9;1;27.16;30.671.261;75.035;19.872;26.864;-101.568;0.0546;29;0.6123;142.57
4.625109;-74.062259;44.2;1;27.28;30.671.261;75.235;20.056;2.668;-101.752;0.0351;31;0.6045;142.88
4.624628;-74.061937;44.5;1;27.4;3.068.133;75.114;19.688;27.232;-101.016;0.0546;33;0.6318;143.19
4.624018;-74.061765;44.8;1;27.52;30.701.469;75.074;1.978;26.588;-10.166;0.0624;35;0.6357;143.5
4.623162;-74.061443;45.1;1;27.64;3.071.154;75.045;19.596;26.496;-10.12;0.0741;37;0.624;143.81
4.622210;-74.061153;45.4;1;27.76;3.071.154;75.043;19.872;26.496;-101.568;0.0429;39;0.6006;144.12
4.621109;-74.061679;45.7;1;27.88;30.721.609;75.202;19.596;26.956;-101.384;0.0507;41;0.6084;144.43
4.619826;-74.061818;46;1;28;30.721.609;75.196;19.688;27.048;-101.384;0.0429;43;0.6006;144.74
4.618349;-74.061143;46.3;1;28.12;30.741.751;75.231;19.872;26.404;-101.936;0.039;45;0.6474;145.05
4.615338;-74.061903;46.6;1;28.24;3.075.182;75.104;19.872;26.864;-101.476;0.0507;47;0.6045;145.36
4.614878;-74.062826;46.9;1;28.36;30.771.959;75.178;19.596;26.956;-101.936;0.0663;49;0.6123;145.67
4.614397;-74.063384;47.2;1;28.48;30.771.959;75.151;2.024;26.404;-100.924;0.0546;51;0.6123;145.98
4.613424;-74.063287;47.5;1;28.6;30.771.959;75.002;1.978;2.668;-101.292;0.0546;53;0.624;146.29
4.612489;-74.064193;47.8;1;28.72;3.078.203;75.047;19.412;26.772;-10.166;0.0624;55;0.6084;146.6
4.611195;-74.066935;48.1;1;28.84;3.078.203;75.182;19.504;27.048;-101.292;0.0546;57;0.6123;146.91
4.610338;-74.067280;48.4;1;28.96;3.078.203;75.263;19.504;27.324;-10.166;0.0585;59;0.6045;147.22
4.607312;-74.067068;48.7;1;29.08;30.812.241;75.160;19.596;26.128;-102.028;0.0468;61;0.6123;147.53
4.604393;-74.066371;49;1;29.2;30.812.241;75.065;19.412;26.588;-101.844;0.0507;63;0.6162;147.84
4.602832;-74.065867;49.3;1;29.32;30.822.309;75.156;19.688;26.312;-10.12;0.039;65;0.6084;148.15
4.601538;-74.064783;49.6;1;29.44;3.083.238;75.057;19.412;26.956;-10.12;0.0507;67;0.6279;148.46
4.600303;-74.064009;49.9;1;29.56;3.083.238;75.288;1.932;2.668;-10.12;0.0702;69;0.6045;148.77
4.599426;-74.062625;50.2;1;29.68;3.083.238;75.265;20.056;26.312;-101.384;0.0663;71;0.6279;149.08
4.599415;-74.060887;50.5;1;29.8;3.085.252;75.022;1.932;2.668;-102.028;0.0507;73;0.5967;149.39
4.599490;-74.060018;50.8;1;29.92;3.085.252;75.265;2.024;26.772;-101.568;0.0624;75;0.6318;149.7
4.599629;-74.058945;51.1;1;30.04;3.085.252;75.132;19.596;27.692;-10.166;0.0351;77;0.6123;150.01
4.602709;-74.057175;51.4;1;30.16;30.862.591;75.295;20.056;26.404;-10.258;0.0546;79;0.6201;150.32
4.603768;-74.055512;51.7;1;30.28;30.862.591;75.136;19.964;26.404;-102.028;0.0507;81;0.5967;150.63
4.605213;-74.054227;52;1;30.4;30.862.591;75.214;19.688;26.128;-101.844;0.0546;83;0.6084;150.94
4.606357;-74.053740;52.3;1;30.52;3.088.273;75.222;19.964;26.588;-10.212;0.039;85;0.6045;151.25
4.607544;-74.053112;52.6;1;30.64;3.088.273;75.021;19.596;26.496;-101.108;0.0585;87;0.5967;151.56
4.609431;-74.053550;52.9;1;30.76;3.088.273;75.093;19.412;2.714;-100.832;0.0507;89;0.5967;151.87
4.609784;-74.055996;53.2;1;30.88;30.892.799;75.034;19.412;26.588;-101.016;0.0585;91;0.585;152.18
4.609656;-74.058045;53.5;1;31;30.892.799;75.139;20.056;26.772;-101.752;0.0468;93;0.6006;152.49
4.609004;-74.060641;53.8;1;31.12;3.088.273;75.118;1.978;2.668;-101.568;0.0663;95;0.6084;152.8
4.607550;-74.062572;54.1;1;31.24;3.090.287;75.288;1.978;26.404;-101.384;0.0702;97;0.6162;153.11
4.606085;-74.063924;54.4;1;31.36;3.090.287;75.053;20.148;26.312;-101.844;0.0546;99;0.5967;153.42
4.604805;-74.066479;54.7;1;31.48;3.092.301;75.276;20.332;26.864;-10.166;0.0624;101;0.6084;153.73
4.604655;-74.069761;55;1;31.6;3.092.301;75.205;19.964;26.956;-10.166;0.0429;103;0.6045;154.04
4.608012;-74.072858;55.3;1;31.72;30.933.081;75.098;19.872;26.496;-101.752;0.0663;105;0.6045;154.35
4.610482;-74.073040;55.6;1;31.84;30.933.081;75.135;19.872;2.714;-10.166;0.0468;107;0.6045;154.66
4.612877;-74.073072;55.9;1;31.96;30.933.081;75.020;19.412;27.048;-101.476;0.0468;109;0.6162;154.97
4.615583;-74.072568;56.2;1;32.08;3.095.322;75.126;1.932;26.864;-10.12;0.0624;111;0.6318;155.28
4.617925;-74.071484;56.5;1;32.2;3.095.322;75.201;19.596;26.864;-10.212;0.0351;113;0.6084;155.59
4.619882;-74.070411;56.8;1;32.32;30.963.289;75.051;19.688;26.772;-101.476;0.0624;115;0.6279;155.9
4.622021;-74.069553;57.1;1;32.44;30.963.289;75.230;19.688;26.772;-10.12;0.0663;117;0.6396;156.21
4.624085;-74.069177;57.4;1;32.56;30.963.289;75.160;1.978;26.772;-101.568;0.0507;119;0.6045;156.52
4.626288;-74.068705;57.7;1;32.68;3.097.336;75.115;19.504;26.864;-101.384;0.039;121;0.6006;156.83
4.628683;-74.068319;58;1;32.8;3.097.336;75.007;19.504;27.048;-101.476;0.0546;123;0.624;157.14
4.631207;-74.067825;58.3;1;32.92;309.935;75.265;19.964;26.956;-102.028;0.0546;125;0.6162;157.45
4.633795;-74.067310;58.6;1;33.04;31.003.571;75.202;19.872;26.588;-101.752;0.0468;127;0.5967;157.76
4.633260;-74.066881;58.9;1;33.16;31.003.571;75.237;19.596;27.048;-101.016;0.0624;129;0.624;158.07
4.632372;-74.066720;59.2;1;33.28;3.102.371;75.245;1.978;26.496;-101.108;0.0507;131;0.6201;158.38
4.631249;-74.066613;59.5;1;33.4;3.102.371;75.106;19.872;26.864;-10.12;0.0468;133;0.6279;158.69
4.629848;-74.066795;59.8;1;33.52;3.102.371;75.243;1.978;26.956;-10.166;0.0546;135;0.5967;159
4.629848;-74.066205;60.1;1;33.64;31.033.779;75.117;19.596;26.588;-101.384;0.0507;137;0.585;159.31
4.629196;-74.066130;60.4;1;33.76;31.033.779;75.246;19.504;26.128;-101.292;0.0585;139;0.6123;159.62
4.628544;-74.066259;60.7;1;33.88;31.033.779;75.225;19.044;2.668;-10.12;0.0468;141;0.6045;159.93
4.628159;-74.065594;61;1;34;31.033.779;75.296;19.136;26.864;-101.568;0.0234;143;0.5967;160.24
4.628092;-74.065249;61.3;1;34.12;3.104.385;75.091;19.872;26.772;-101.384;0.0585;145;0.6279;160.55
4.628082;-74.065242;61.6;1;34.24;3.106.399;75.258;19.412;26.496;-101.568;0.0546;147;0.5811;160.86
4.627932;-74.064985;61.9;1;34.36;3.106.399;75.123;19.872;26.956;-101.844;0.0429;149;0.624;161.17
4.627718;-74.064620;62.2;1;34.48;3.106.399;75.150;1.978;2.622;-10.166;0.0468;151;0.6006;161.48
4.627472;-74.064223;62.5;1;34.6;3.107.406;75.279;19.688;26.956;-101.108;0.0624;153;0.6201;161.79
4.627162;-74.063880;62.8;1;34.72;310.942;75.103;19.688;26.772;-100.924;0.0507;155;0.6279;162.1
4.626724;-74.065907;63.1;1;34.84;310.942;75.216;19.872;26.404;-101.016;0.0468;157;0.6201;162.41
4.626681;-74.063461;63.4;1;34.96;310.942;75.297;1.978;26.864;-101.384;0.0624;159;0.6084;162.72
4.626221;-74.063096;63.7;1;35.08;310.942;75.155;20.056;26.588;-10.074;0.0351;161;0.6123;163.03
4.625729;-74.062667;64;1;35.2;31.104.271;75.137;19.964;26.772;-100.924;0.0663;163;0.6318;163.34
4.625109;-74.062259;64.3;1;35.32;31.104.271;75.151;19.688;27.232;-101.844;0.0624;165;0.6357;163.65
4.624628;-74.061937;64.6;1;35.44;3.111.434;75.072;19.964;26.496;-101.384;0.0702;167;0.6123;163.96
4.624018;-74.061765;64.9;1;35.56;3.113.448;75.174;19.964;27.048;-101.108;0.0585;169;0.6123;164.27
4.623162;-74.061443;65.2;1;35.68;3.111.434;75.184;19.504;26.864;-10.166;0.039;171;0.6006;164.58
4.622210;-74.061153;65.5;1;35.8;3.113.448;75.119;19.596;27.048;-101.568;0.0507;173;0.6201;164.89
4.621109;-74.061679;65.8;1;35.92;3.113.448;75.153;19.412;2.668;-102.212;0.039;175;0.6162;165.2
4.619826;-74.061818;66.1;1;36.04;3.113.448;75.193;20.148;26.956;-101.108;0.0429;177;0.6006;165.51
4.618349;-74.061143;66.4;1;36.16;3.114.455;75.042;1.932;27.324;-101.016;0.0546;179;0.6318;165.82
4.615338;-74.061903;66.7;1;36.28;3.114.455;75.289;19.596;27.324;-10.12;0.0546;181;0.585;166.13
4.614878;-74.062826;67;1;36.4;3.116.469;75.082;20.332;26.864;-10.166;0.0585;183;0.6201;166.44
4.614397;-74.063384;67.3;1;36.52;3.116.469;75.083;19.964;26.588;-10.12;0.0429;185;0.6201;166.75
4.613424;-74.063287;67.6;1;36.64;31.174.761;75.007;19.596;26.772;-100.648;0.0429;187;0.5889;167.06
4.612489;-74.064193;67.9;1;36.76;31.174.761;75.072;20.148;26.496;-101.844;0.0429;189;0.6084;167.37
4.611195;-74.066935;68.2;1;36.88;3.118.483;75.162;1.932;27.048;-102.028;0.039;191;0.5967;167.68
4.610338;-74.067280;68.5;1;37;3.118.483;75.108;19.688;26.588;-100.924;0.0429;193;0.5889;167.99
4.607312;-74.067068;68.8;1;37.12;3.118.483;75.212;19.596;2.668;-101.844;0.0468;195;0.5967;168.3
4.604393;-74.066371;69.1;1;37.24;31.204.969;75.240;19.964;26.404;-101.108;0.039;197;0.5928;168.61
4.602832;-74.065867;69.4;1;37.36;31.204.969;75.169;19.964;2.622;-101.384;0.0468;199;0.6006;168.92
4.601538;-74.064783;69.7;1;37.48;3.121.504;75.257;19.688;26.588;-101.384;0.0546;201;0.6162;169.23
4.600303;-74.064009;70;1;37.6;3.121.504;75.215;1.978;26.496;-101.108;0.0429;203;0.6006;169.54
4.599426;-74.062625;70.3;1;37.72;31.204.969;75.088;19.228;26.404;-101.292;0.0351;205;0.6201;169.85
4.599415;-74.060887;70.6;1;37.84;3.121.504;75.136;19.964;26.772;-10.12;0.0624;207;0.6045;170.16
4.599490;-74.060018;70.9;1;37.96;3.121.504;75.055;19.964;2.668;-10.12;0.0585;209;0.6123;170.47
4.599629;-74.058945;71.2;1;38.08;31.225.109;75.173;19.964;26.588;-10.12;0.0468;211;0.6045;170.78
4.602709;-74.057175;71.5;1;38.2;31.225.109;75.004;19.504;26.956;-101.384;0.0468;213;0.6123;171.09
4.603768;-74.055512;71.8;1;38.32;31.225.109;75.138;20.056;26.864;-101.476;0.0468;215;0.6162;171.4
4.605213;-74.054227;72.1;1;38.44;31.245.251;75.091;19.504;26.404;-10.166;0.0585;217;0.6201;171.71
4.606357;-74.053740;72.4;1;38.56;31.245.251;75.214;19.412;26.312;-10.12;0.039;219;0.6006;172.02
4.607544;-74.053112;72.7;1;38.68;31.245.251;75.181;19.596;26.496;-100.924;0.0546;221;0.6045;172.33
4.609431;-74.053550;73;1;38.8;3.125.532;75.176;19.504;26.312;-101.108;0.0741;223;0.6396;172.64
4.609784;-74.055996;73.3;1;38.92;3.125.532;75.149;19.964;2.668;-101.292;0.0507;225;0.6123;172.95
4.609656;-74.058045;73.6;1;39.04;3.125.532;75.021;19.964;26.772;-101.108;0.0585;227;0.5889;173.26
4.609004;-74.060641;73.9;1;39.16;31.275.459;75.001;19.412;27.232;-101.936;0.0624;229;0.6045;173.57
4.607550;-74.062572;74.2;1;39.28;3.128.553;75.044;19.504;26.956;-101.844;0.039;231;0.5889;173.88
4.606085;-74.063924;74.5;1;39.4;3.128.553;75.216;19.596;26.312;-101.568;0.039;229.5;0.5967;174.19
4.604805;-74.066479;74.8;1;39.52;3.128.553;75.274;20.056;2.714;-10.074;0.0351;228;0.5967;174.5
4.604655;-74.069761;75.1;1;39.64;31.295.601;75.172;19.504;26.128;-100.832;0.0819;226.5;0.6201;174.81
4.608012;-74.072858;75.4;1;39.76;31.295.601;75.176;1.978;26.588;-101.292;0.0507;225;0.5928;175.12
4.610482;-74.073040;75.7;1;39.46;31.295.601;75.013;20.056;26.956;-10.166;0.0468;223.5;0.6201;175.43
4.612877;-74.073072;76;1;39.16;31.295.601;75.075;19.688;26.772;-101.292;0.0546;222;0.6045;175.74
4.615583;-74.072568;76.3;1;38.86;31.295.601;75.125;20.148;2.622;-10.12;0.0702;220.5;0.6162;176.05
4.617925;-74.071484;76.6;1;38.56;31.315.741;75.124;2.024;26.864;-101.752;0.0624;219;0.6123;176.36
4.619882;-74.070411;76.9;1;38.26;31.315.741;75.114;19.412;27.048;-101.292;0.039;217.5;0.6045;176.67
4.622021;-74.069553;77.2;1;37.96;31.315.741;75.053;19.504;27.324;-100.648;0.0702;216;0.5928;176.98
4.624085;-74.069177;77.5;1;37.66;31.315.741;75.223;19.596;26.864;-10.166;0.0702;214.5;0.6396;177.29
4.626288;-74.068705;77.8;1;37.36;31.325.809;75.131;1.978;2.668;-101.568;0.0468;213;0.6045;177.6
4.628683;-74.068319;78.1;1;37.06;31.325.809;75.208;19.964;26.312;-101.108;0.0663;211.5;0.6318;177.91
4.631207;-74.067825;78.4;1;36.76;31.345.949;75.096;19.504;26.312;-101.016;0.0507;210;0.6162;178.22
4.633795;-74.067310;78.7;1;36.46;3.135.602;75.245;1.932;2.714;-10.12;0.0468;208.5;0.624;178.53
4.633260;-74.066881;79;1;36.16;3.135.602;75.197;19.596;27.048;-100.556;0.0546;207;0.5967;178.84
4.632372;-74.066720;79.3;1;35.86;3.135.602;75.093;1.978;2.668;-101.568;0.0429;205.5;0.6045;179.15
4.631249;-74.066613;79.6;1;35.56;3.135.602;75.195;19.688;26.772;-10.166;0.0585;204;0.6318;179.46
4.629848;-74.066795;79.9;1;35.26;31.366.091;75.229;19.504;26.956;-10.166;0.0585;202.5;0.6279;179.77
4.629848;-74.066205;80.2;1;34.96;3.138.623;75.134;19.412;26.956;-100.832;0.0546;201;0.6162;180.08
4.629196;-74.066130;80.5;1;34.66;3.138.623;75.250;19.504;26.864;-101.016;0.0429;199.5;0.5967;180.39
4.628544;-74.066259;80.8;1;34.36;3.138.623;75.161;19.228;26.772;-101.844;0.0624;198;0.6006;180.7
4.628159;-74.065594;81.1;1;34.06;31.396.299;75.171;19.504;26.588;-101.752;0.0546;196.5;0.6123;181.01
4.628092;-74.065249;81.4;1;33.76;31.396.299;75.215;19.688;27.324;-101.844;0.0468;195;0.6201;181.32
4.628082;-74.065242;81.7;1;33.46;31.416.439;75.129;19.964;26.312;-101.292;0.0663;193.5;0.6006;181.63
4.627932;-74.064985;82;1;33.16;31.416.439;75.223;19.872;26.312;-101.108;0.0585;192;0.6084;181.94
4.627718;-74.064620;82.3;1;32.86;31.416.439;75.195;20.056;26.588;-101.292;0.0663;190.5;0.5889;182.25
4.627472;-74.064223;82.6;1;32.56;3.142.651;75.146;19.504;26.772;-100.832;0.0468;189;0.6201;182.56
4.627162;-74.063880;82.9;1;32.26;31.436.581;75.173;19.504;26.956;-101.292;0.0741;187.5;0.6318;182.87
4.626724;-74.065907;83.2;1;31.96;31.436.581;75.145;19.872;2.668;-10.074;0.0585;186;0.5967;183.18
4.626681;-74.063461;83.5;1;31.66;31.436.581;75.215;19.872;26.312;-101.936;0.0429;184.5;0.5967;183.49
4.626221;-74.063096;83.8;1;31.36;3.145.672;75.164;20.056;26.588;-10.074;0.0585;183;0.5928;183.8
4.625729;-74.062667;84.1;1;31.06;3.145.672;75.136;19.872;26.404;-101.568;0.0507;181.5;0.6279;184.11
4.625109;-74.062259;84.4;1;30.76;3.145.672;75.253;1.978;2.668;-10.166;0.0702;180;0.6162;184.42
4.624628;-74.061937;84.7;1;30.46;3.145.672;75.219;19.504;2.714;-101.016;0.0195;178.5;0.6123;184.73
4.624018;-74.061765;85;1;30.16;3.145.672;75.083;19.596;26.864;-100.832;0.0507;177;0.5967;185.04
4.623162;-74.061443;85.3;1;29.86;31.466.789;75.275;19.596;27.232;-101.108;0.0546;175.5;0.6279;185.35
4.622210;-74.061153;85.6;1;29.56;31.466.789;75.123;1.978;2.622;-101.476;0.0663;174;0.6006;185.66
4.621109;-74.061679;85.9;1;29.26;31.466.789;75.009;19.596;26.864;-100.464;0.0429;172.5;0.6318;185.97
4.619826;-74.061818;86.2;1;28.96;31.466.789;75.276;19.504;26.312;-101.108;0.0351;171;0.624;186.28
4.618349;-74.061143;86.5;1;28.66;31.466.789;75.026;20.148;2.668;-101.016;0.0546;169.5;0.6279;186.59
4.615338;-74.061903;86.8;1;28.36;31.486.931;75.174;19.688;26.772;-101.292;0.0351;168;0.6045;186.9
4.614878;-74.062826;87.1;1;28.06;31.486.931;75.198;19.688;2.668;-101.568;0.0312;166.5;0.585;187.21
4.614397;-74.063384;87.4;1;27.76;31.497;75.244;19.504;26.404;-101.108;0.039;165;0.6045;187.52
4.613424;-74.063287;87.7;1;27.46;31.507.071;75.244;19.688;2.668;-101.108;0.0507;163.5;0.6162;187.83
4.612489;-74.064193;88;1;27.16;31.507.071;75.073;19.688;26.864;-101.292;0.0468;162;0.6084;188.14
4.611195;-74.066935;88.3;1;26.86;3.152.721;75.206;20.148;26.588;-10.074;0.0741;160.5;0.6201;188.45
4.610338;-74.067280;88.6;1;26.56;3.152.721;75.102;1.932;2.668;-100.924;0.0468;159;0.624;188.76
4.607312;-74.067068;88.9;1;26.26;31.537.279;75.151;20.056;26.772;-10.074;0.0546;157.5;0.6045;189.07
4.604393;-74.066371;89.2;1;25.96;31.537.279;75.150;1.978;26.864;-101.568;0.0429;156;0.6279;189.38
4.602832;-74.065867;89.5;1;25.66;31.537.279;75.163;1.978;26.496;-100.832;0.0546;154.5;0.5733;189.69
4.601538;-74.064783;89.8;1;25.36;31.537.279;75.034;19.596;26.404;-100.648;0.0507;153;0.6006;190
4.600303;-74.064009;90.1;1;25.06;3.156.749;75.232;1.932;27.784;-101.568;0.0156;151.5;0.5928;190.31
4.599426;-74.062625;90.4;1;24.76;3.156.749;75.129;1.978;2.668;-101.108;0.0507;150;0.6045;190.62
4.599415;-74.060887;90.7;1;24.46;3.157.756;75.025;19.596;2.668;-101.384;0.0468;148.5;0.6006;190.93
4.599490;-74.060018;91;1;24.16;3.157.756;75.136;19.044;2.714;-101.844;0.0585;147;0.624;191.24
4.599629;-74.058945;91.3;1;23.86;3.157.756;75.176;1.978;26.864;-10.12;0.0507;145.5;0.6123;191.55
4.602709;-74.057175;91.6;1;23.56;31.607.771;75.261;19.596;26.312;-100.372;0.0507;144;0.6084;191.86
4.603768;-74.055512;91.9;1;23.26;315.977;75.149;19.964;26.956;-100.924;0.039;142.5;0.6201;192.17
4.605213;-74.054227;92.2;1;22.96;31.607.771;75.298;1.978;26.496;-101.476;0.0624;141;0.6279;192.48
4.606357;-74.053740;92.5;1;22.66;31.607.771;75.246;19.596;2.668;-100.832;0.0429;139.5;0.6045;192.79
4.607544;-74.053112;92.8;1;22.36;31.607.771;75.174;19.136;27.416;-101.476;0.0858;138;0.6201;193.1
4.609431;-74.053550;93.1;1;22.06;31.607.771;75.173;19.872;26.496;-10.12;0.0546;136.5;0.6045;193.41
4.609784;-74.055996;93.4;1;21.76;31.607.771;75.097;1.978;26.312;-101.384;0.078;135;0.6045;193.72
4.609656;-74.058045;93.7;1;21.46;3.161.784;75.002;19.872;2.714;-100.648;0.0468;133.5;0.6123;194.03
4.609004;-74.060641;94;1;21.16;3.161.784;75.017;20.148;26.496;-10.12;0.0507;132;0.585;194.34
4.607550;-74.062572;94.3;1;20.86;3.163.798;75.042;1.932;2.668;-10.166;0.0468;130.5;0.6201;194.65
4.606085;-74.063924;94.6;1;20.56;3.164.805;75.090;20.056;26.404;-101.292;0.0429;129;0.6045;194.96
4.604805;-74.066479;94.9;1;20.26;3.164.805;75.274;19.504;27.232;-101.292;0.0507;127.5;0.6123;195.27
4.604655;-74.069761;95.2;1;19.96;3.164.805;75.028;19.964;26.772;-101.568;0.078;126;0.6084;195.58
4.608012;-74.072858;95.5;1;19.66;3.166.819;75.192;1.932;27.048;-101.752;0.0507;124.5;0.5967;195.89
4.610482;-74.073040;95.8;1;19.36;3.166.819;75.182;19.872;26.036;-10.074;0.0468;123;0.624;196.2
4.612877;-74.073072;96.1;1;19.06;31.678.261;75.278;19.596;2.622;-100.464;0.0546;121.5;0.624;196.51
4.615583;-74.072568;96.4;1;18.76;31.678.261;75.003;19.688;2.668;-101.108;0.0585;120;0.6045;196.82
4.617925;-74.071484;96.7;1;18.46;31.678.261;75.189;19.136;2.668;-10.166;0.078;118.5;0.6084;197.13
4.619882;-74.070411;97;1;18.16;3.168.833;75.239;19.688;26.956;-101.108;0.0585;117;0.6045;197.44
4.622021;-74.069553;97.3;1;17.86;3.168.833;75.265;1.978;26.496;-100.556;0.0429;115.5;0.5967;197.75
4.624085;-74.069177;97.6;1;17.56;3.168.833;75.152;19.688;26.404;-101.108;0.0702;114;0.6045;198.06
4.626288;-74.068705;97.9;1;17.26;3.168.833;75.107;19.504;26.496;-10.166;0.0585;112.5;0.6123;198.37
4.628683;-74.068319;98.2;1;16.96;3.168.833;75.043;1.978;26.956;-10.12;0.0468;113.5;0.6279;198.68
4.631207;-74.067825;98.5;1;16.66;31.678.261;75.288;19.872;26.496;-101.292;0.0702;114.5;0.6084;198.99
4.633795;-74.067310;98.8;1;16.36;31.678.261;75.199;1.978;26.588;-100.924;0.0546;115.5;0.6279;199.3
4.633260;-74.066881;99.1;1;16.06;31.678.261;75.084;19.872;26.312;-10.166;0.0585;116.5;0.5928;199.61
4.632372;-74.066720;99.4;1;15.76;31.678.261;75.061;1.978;26.956;-101.568;0.0585;117.5;0.624;199.92
4.631249;-74.066613;99.7;1;15.46;31.678.261;75.152;20.056;26.772;-101.568;0.0429;118.5;0.6162;200.23
4.629848;-74.066795;100;1;15.16;3.168.833;75.090;19.872;26.404;-10.12;0.0546;119.5;0.624;200.54
4.629848;-74.066205;100.3;1;14.86;3.168.833;75.280;20.332;26.864;-101.844;0.0663;120.5;0.624;200.85
4.629196;-74.066130;100.6;1;14.56;3.168.833;75.119;19.596;26.864;-101.476;0.0468;121.5;0.6045;201.16
4.628544;-74.066259;100.9;1;14.26;31.708.469;75.135;19.872;26.404;-101.292;0.0351;122.5;0.6162;201.47
4.628159;-74.065594;101.2;1;13.96;31.708.469;75.110;19.504;27.232;-100.556;0.0468;123.5;0.6084;201.78
4.628092;-74.065249;101.5;1;13.66;3.171.854;75.112;19.688;26.772;-101.384;0.0468;124.5;0.6084;202.09
4.628082;-74.065242;101.8;1;13.36;3.171.854;75.248;1.978;26.772;-101.476;0.0468;125.5;0.6084;202.4
4.627932;-74.064985;102.1;1;13.06;3.173.868;75.141;19.872;27.232;-101.752;0.0624;126.5;0.6279;202.71
4.627718;-74.064620;102.4;1;12.76;3.173.868;75.177;1.932;26.496;-101.936;0.0429;127.5;0.6123;203.02
4.627472;-74.064223;102.7;1;12.46;3.173.868;75.253;19.964;27.416;-101.016;0.0585;128.5;0.5928;203.33
4.627162;-74.063880;103;1;12.16;3.173.868;75.060;19.596;26.956;-10.12;0.0546;129.5;0.6006;203.64
4.626724;-74.065907;103.3;1;11.86;3.173.868;75.249;19.504;26.128;-101.292;0.0507;130.5;0.6162;203.95
4.626681;-74.063461;103.6;1;11.56;3.173.868;75.236;1.978;2.668;-101.108;0.0546;131.5;0.585;204.26
4.626221;-74.063096;103.9;1;11.26;3.175.882;75.189;1.978;2.668;-10.166;0.0312;132.5;0.585;204.57
4.625729;-74.062667;104.2;1;10.96;31.748.751;75.281;19.964;26.588;-101.476;0.0429;133.5;0.6045;204.88
4.625109;-74.062259;104.5;1;10.66;3.175.882;75.277;19.504;26.588;-101.016;0.0546;134.5;0.6084;205.19
4.624628;-74.061937;104.8;1;10.36;3.175.882;75.128;19.596;27.508;-10.12;0.0546;135.5;0.6162;205.5
4.624018;-74.061765;105.1;1;10.06;31.778.959;75.135;19.504;2.668;-101.016;0.0702;136.5;0.6396;205.81
4.623162;-74.061443;105.4;1;9.76;31.778.959;75.228;1.978;26.956;-101.844;0.0468;137.5;0.6201;206.12
4.622210;-74.061153;105.7;1;9.46;31.778.959;75.017;19.504;26.496;-100.648;0.0507;138.5;0.624;206.43
4.621109;-74.061679;106;1;9.16;31.778.959;75.154;19.228;26.404;-101.384;0.0546;139.5;0.6201;206.74
4.619826;-74.061818;106.3;1;8.86;31.778.959;75.037;19.964;26.772;-100.556;0.039;140.5;0.585;207.05
4.618349;-74.061143;106.6;1;8.56;3.180.917;75.041;1.978;26.312;-100.648;0.0507;141.5;0.624;207.36
4.615338;-74.061903;106.9;1;30.62;3.178.903;75.259;19.964;2.668;-101.016;0.039;142.5;0.6084;207.67
4.614878;-74.062826;107.2;1;30.37;3.180.917;75.079;19.872;2.622;-101.108;0.0468;143.5;0.6279;207.98
4.614397;-74.063384;107.5;1;30.53;3.180.917;75.015;19.872;2.668;-101.384;0.0312;144.5;0.5889;208.29
4.613424;-74.063287;107.8;1;30.69;31.819.241;75.176;1.978;26.404;-10.12;0.0663;145.5;0.624;208.6
4.612489;-74.064193;108.1;1;30.63;31.829.309;75.245;19.596;26.864;-101.108;0.0468;146.5;0.624;208.91
4.611195;-74.066935;108.4;1;30.48;31.829.309;75.080;19.688;2.668;-101.384;0.0507;147.5;0.6318;209.22
4.610338;-74.067280;108.7;1;30.42;31.849.449;75.103;19.504;2.622;-10.12;0.0663;148.5;0.6396;209.53
4.607312;-74.067068;109;1;30.45;31.849.449;75.007;1.932;26.956;-101.568;0.0546;149.5;0.5967;209.84
4.604393;-74.066371;109.3;1;30.03;3.185.952;75.143;19.596;27.416;-10.12;0.0468;150.5;0.624;210.15
4.602832;-74.065867;109.6;1;30.09;3.185.952;75.142;19.688;26.864;-10.166;0.0741;151.5;0.6123;210.46
4.601538;-74.064783;109.9;1;30.58;3.187.966;75.029;19.596;26.036;-101.384;0.0546;152.5;0.5928;210.77
4.600303;-74.064009;110.2;1;30.82;3.187.966;75.068;19.688;26.864;-10.12;0.0663;153.5;0.5967;211.08
4.599426;-74.062625;110.5;1;30.49;3.188.973;75.240;19.504;26.864;-100.924;0.0585;154.5;0.6084;211.39
4.599415;-74.060887;110.8;1;30.46;3.188.973;75.254;19.688;27.048;-101.384;0.0624;155.5;0.6279;211.7
4.599490;-74.060018;111.1;1;30.75;31.899.799;75.009;19.412;27.048;-101.016;0.0663;156.5;0.6006;212.01
4.599629;-74.058945;111.4;1;30.6;3.188.973;75.148;19.228;26.772;-10.028;0.0351;157.5;0.6045;212.32
4.602709;-74.057175;111.7;1;30.74;31.899.799;75.130;1.978;2.622;-10.074;0.0468;158.5;0.5967;212.63
4.603768;-74.055512;112;1;30.86;31.899.799;75.294;19.872;26.496;-10.12;0.0507;159.5;0.5967;212.94
4.605213;-74.054227;112.3;1;30.94;31.899.799;75.141;19.596;27.048;-101.292;0.0507;160.5;0.5967;213.25
4.606357;-74.053740;112.6;1;30.36;31.919.941;75.232;1.978;2.668;-100.832;0.0585;161.5;0.5928;213.56
4.607544;-74.053112;112.9;1;30.97;31.919.941;75.022;19.964;27.048;-101.016;0.0546;162.5;0.5889;213.87
4.609431;-74.053550;113.2;1;30.33;3.193.001;75.147;19.688;26.404;-101.108;0.0546;163.5;0.585;214.18
4.609784;-74.055996;113.5;1;30.42;3.193.001;75.073;19.504;26.864;-101.568;0.078;164.5;0.5928;214.49
4.609656;-74.058045;113.2;1;30.06;3.193.001;75.163;1.978;26.772;-100.924;0.0585;165.5;0.6006;214.8
4.609004;-74.060641;112.9;1;30.5;31.940.081;75.104;19.688;26.864;-101.108;0.0507;166.5;0.6279;215.11
4.607550;-74.062572;112.6;1;30.46;31.940.081;75.065;19.688;26.496;-10.12;0.0351;167.5;0.5811;215.42
4.606085;-74.063924;112.3;1;30.75;3.196.022;75.289;19.596;26.956;-101.752;0.0468;168.5;0.6084;215.73
4.604805;-74.066479;112;1;30.73;31.970.289;75.161;19.596;2.668;-101.568;0.0429;169.5;0.6084;216.04
4.604655;-74.069761;111.7;1;30.45;31.970.289;75.078;19.872;26.864;-101.108;0.0663;170.5;0.6318;216.35
4.608012;-74.072858;111.4;1;30.73;31.970.289;75.266;20.148;2.668;-100.832;0.0546;171.5;0.6474;216.66
4.610482;-74.073040;111.1;1;30.4;31.990.431;75.295;1.978;27.416;-101.016;0.0702;172.5;0.624;216.97
4.612877;-74.073072;110.8;1;30.07;31.990.431;75.273;19.872;26.404;-10.12;0.0546;173.5;0.6123;217.28
4.615583;-74.072568;110.5;1;30.81;320.005;75.279;19.964;26.772;-101.016;0.0585;174.5;0.6279;217.59
4.617925;-74.071484;110.2;1;30.69;32.010.571;75.225;19.872;27.048;-100.832;0.0468;175.5;0.6084;217.9
4.619882;-74.070411;109.9;1;30.94;32.010.571;75.065;19.504;26.772;-101.752;0.0624;176.5;0.624;218.21
4.622021;-74.069553;109.6;1;30.24;32.010.571;75.076;19.412;26.496;-100.924;0.039;177.5;0.5967;218.52
4.624085;-74.069177;109.3;1;30.37;32.030.708;75.104;19.504;2.668;-10.074;0.0546;178.5;0.5967;218.83
4.626288;-74.068705;109;1;30.1;32.030.708;75.055;1.932;2.714;-102.028;0.0507;177.3;0.6084;219.14
4.628683;-74.068319;108.7;1;30.65;32.030.708;75.068;1.978;26.864;-10.12;0.0507;176.1;0.6084;219.45
4.631207;-74.067825;108.4;1;30.36;32.010.571;75.285;19.872;2.668;-101.016;0.0429;174.9;0.5889;219.76
4.633795;-74.067310;108.1;1;30.09;32.030.708;75.132;19.136;27.324;-101.016;0.0624;173.7;0.6201;220.07
4.633260;-74.066881;107.8;1;30.49;32.030.708;75.033;1.978;26.772;-101.292;0.039;172.5;0.6162;220.38
4.632372;-74.066720;107.5;1;30.89;32.030.708;75.254;19.688;2.668;-101.016;0.0468;171.3;0.585;220.69
4.631249;-74.066613;107.2;1;30.26;32.030.708;75.020;19.688;26.404;-101.292;0.0624;170.1;0.6123;221
4.629848;-74.066795;106.9;1;30.4;32.040.779;75.251;19.872;26.312;-100.924;0.0546;168.9;0.6123;221.31
4.629848;-74.066205;106.6;1;30.2;32.040.779;75.258;19.872;2.668;-100.924;0.0546;167.7;0.6123;221.62
4.629196;-74.066130;106.3;1;30.04;32.060.921;75.142;1.978;26.864;-101.476;0.0507;166.5;0.6045;221.93
4.628544;-74.066259;106;1;30.92;32.070.992;75.229;1.932;26.956;-100.556;0.0507;165.3;0.5811;222.24
4.628159;-74.065594;105.7;1;30.76;32.070.992;75.190;19.596;26.404;-100.648;0.0507;164.1;0.5889;222.55
4.628092;-74.065249;105.4;1;30.3;32.070.992;75.261;19.964;26.864;-100.648;0.0468;162.9;0.6084;222.86
4.628082;-74.065242;105.1;1;30.16;32.081.059;75.024;19.688;26.496;-101.108;0.0585;161.7;0.6123;223.17
4.627932;-74.064985;104.8;1;30.36;32.081.059;75.257;19.504;26.956;-101.384;0.039;160.5;0.6084;223.48
4.627718;-74.064620;104.5;1;30.68;32.081.059;75.034;1.932;27.416;-101.292;0.0624;159.3;0.6045;223.79
4.627472;-74.064223;104.2;1;30.45;321.012;75.159;19.504;2.668;-10.12;0.0468;158.1;0.624;224.1
4.627162;-74.063880;103.9;1;30.47;321.012;75.018;19.964;26.496;-101.384;0.0429;156.9;0.5928;224.41
4.626724;-74.065907;103.6;1;30.63;321.012;75.106;19.504;2.668;-100.924;0.0507;155.7;0.6123;224.72
4.626681;-74.063461;103.3;1;30.86;321.012;75.202;19.228;26.588;-101.016;0.0468;154.5;0.6045;225.03
4.626221;-74.063096;103;1;30.57;32.111.271;75.270;20.148;27.416;-101.384;0.0507;153.3;0.6006;225.34
4.625729;-74.062667;102.7;1;30.8;32.111.271;75.226;19.688;2.622;-100.556;0.039;152.1;0.6045;225.65
4.625109;-74.062259;102.4;1;30.13;32.131.409;75.083;1.978;26.588;-101.568;0.0624;150.9;0.6201;225.96
4.624628;-74.061937;102.1;1;30.16;32.131.409;75.192;19.596;26.588;-102.304;0.0312;149.7;0.5889;226.27
4.624018;-74.061765;101.8;1;30.57;32.141.479;75.153;2.024;26.772;-10.074;0.0624;148.5;0.624;226.58
4.623162;-74.061443;101.5;1;30.89;32.141.479;75.129;19.412;26.588;-100.832;0.0507;147.3;0.6123;226.89
4.622210;-74.061153;101.2;1;30.57;3.215.155;75.101;1.978;2.668;-101.476;0.0429;146.1;0.585;227.2
4.621109;-74.061679;100.9;1;30.67;3.215.155;75.230;19.504;26.956;-101.016;0.0507;144.9;0.6084;227.51
4.619826;-74.061818;100.6;1;30.8;32.171.692;75.283;19.688;26.588;-101.384;0.0468;143.7;0.624;227.82
4.618349;-74.061143;100.3;1;30.9;3.215.155;75.190;19.872;26.772;-100.832;0.0585;142.5;0.6123;228.13
4.615338;-74.061903;100;1;30.96;32.171.692;75.090;2.024;26.496;-10.12;0.0585;141.3;0.6279;228.44
4.614878;-74.062826;99.7;1;30.6;32.171.692;75.219;19.596;26.404;-100.924;0.0507;140.1;0.6123;228.75
4.614397;-74.063384;99.4;1;30.59;32.181.759;75.009;19.964;27.508;-101.568;0.0585;138.9;0.6201;229.06
4.613424;-74.063287;99.1;1;30.8;322.019;75.197;20.056;2.668;-100.832;0.0429;137.7;0.5928;229.37
4.612489;-74.064193;98.8;1;30.38;322.019;75.278;19.596;26.772;-101.292;0.0702;136.5;0.6279;229.68
4.611195;-74.066935;98.5;1;30.9;32.211.971;75.063;19.872;26.588;-100.832;0.0507;135.3;0.6123;229.99
4.610338;-74.067280;98.2;1;30.7;32.211.971;75.082;19.412;27.508;-100.832;0.0585;134.1;0.5811;230.3
4.607312;-74.067068;97.9;1;30.39;32.222.038;75.097;19.964;26.128;-100.832;0.0546;132.9;0.6123;230.61
4.604393;-74.066371;97.6;1;30.42;32.222.038;75.295;19.596;26.588;-10.028;0.0546;131.7;0.6084;230.14
4.602832;-74.065867;97.3;1;30.75;3.224.218;75.187;19.872;26.864;-100.464;0.0507;130.5;0.6123;229.67
4.601538;-74.064783;97;1;30.24;32.252.251;75.205;19.872;2.622;-10.12;0.0468;129.3;0.6123;229.2
4.600303;-74.064009;96.7;1;30.9;3.224.218;75.252;19.504;26.588;-100.372;0.0468;128.1;0.6006;228.73
4.599426;-74.062625;96.4;1;30.81;3.224.218;75.018;19.412;26.864;-101.108;0.0507;126.9;0.6201;228.26
4.599415;-74.060887;96.1;1;30.62;3.224.218;75.015;19.872;27.416;-100.832;0.0585;125.7;0.6162;227.79
4.599490;-74.060018;95.8;1;30.91;32.262.321;75.224;19.228;26.956;-100.924;0.0468;124.5;0.6045;227.32
4.599629;-74.058945;95.5;1;30.29;32.252.251;75.170;19.412;27.048;-101.568;0.0468;123.3;0.5889;226.85
4.602709;-74.057175;95.2;1;30.63;32.262.321;75.228;19.872;27.232;-101.108;0.0585;122.1;0.6123;226.38
4.603768;-74.055512;94.9;1;30.11;32.262.321;75.283;19.596;26.404;-10.12;0.0351;120.9;0.6006;225.91
4.605213;-74.054227;94.6;1;30.37;32.282.459;75.249;19.964;26.864;-10.12;0.0429;119.7;0.624;225.44
4.606357;-74.053740;94.3;1;30.98;32.282.459;75.150;19.504;2.714;-10.074;0.0663;118.5;0.6006;224.97
4.607544;-74.053112;94;1;30.01;32.282.459;75.044;19.688;26.496;-101.108;0.0546;117.3;0.6084;224.5
4.609431;-74.053550;93.7;1;30.63;32.282.459;75.011;19.596;26.312;-100.464;0.0663;116.1;0.624;224.03
4.609784;-74.055996;93.4;1;30.69;32.282.459;75.069;19.872;26.772;-101.476;0.0624;114.9;0.6084;223.56
4.609656;-74.058045;93.1;1;30.85;32.282.459;75.052;19.504;26.496;-10.074;0.039;113.7;0.585;223.09
4.609004;-74.060641;92.8;1;30.86;32.282.459;75.001;20.056;26.864;-100.556;0.0702;112.5;0.585;222.62
4.607550;-74.062572;92.5;1;30.47;32.262.321;75.228;19.964;2.668;-101.016;0.0507;111.3;0.6162;222.15
4.606085;-74.063924;92.2;1;30.09;32.282.459;75.027;19.964;2.622;-101.752;0.0468;110.1;0.6201;221.68
4.604805;-74.066479;91.9;1;30.33;32.282.459;75.031;19.688;2.622;-101.384;0.0507;108.9;0.6006;221.21
4.604655;-74.069761;91.6;1;30.18;3.229.253;75.222;19.412;27.048;-100.464;0.0468;107.7;0.5928;220.74
4.608012;-74.072858;91.3;1;30.32;3.229.253;75.018;2.024;26.496;-100.464;0.0546;106.5;0.6162;220.27
4.610482;-74.073040;91;1;30.96;3.229.253;75.229;1.978;26.956;-101.016;0.039;105.3;0.5967;219.8
4.612877;-74.073072;90.7;1;30.65;32.312.672;75.084;1.932;26.864;-100.648;0.0351;104.1;0.6045;219.33
4.615583;-74.072568;90.4;1;30.55;32.312.672;75.222;19.412;26.404;-100.648;0.0507;102.9;0.6045;218.86
4.617925;-74.071484;90.1;1;30.62;32.322.739;75.078;19.964;26.956;-100.832;0.0468;101.7;0.6123;218.39
4.619882;-74.070411;89.8;1;30.1;32.322.739;75.272;19.964;26.864;-101.016;0.0507;100.5;0.6357;217.92
4.622021;-74.069553;89.5;1;30.25;32.332.809;75.057;19.596;26.588;-101.016;0.0312;99.3;0.5928;217.45
4.624085;-74.069177;89.2;1;30.94;32.322.739;75.040;19.596;26.864;-100.464;0.0351;98.1;0.5772;216.98
4.626288;-74.068705;88.9;1;30.68;32.332.809;75.292;19.688;27.508;-101.476;0.0312;96.9;0.585;216.51
4.628683;-74.068319;88.6;1;30.53;32.332.809;75.004;19.504;2.668;-101.568;0.0624;95.7;0.5967;216.04
4.631207;-74.067825;88.3;1;30.07;32.352.951;75.158;1.978;26.772;-101.108;0.0585;94.5;0.624;215.57
4.633795;-74.067310;88;1;30.26;32.352.951;75.218;19.872;26.588;-100.464;0.0468;93.3;0.5967;215.1
4.633260;-74.066881;87.7;1;30.87;32.352.951;75.146;20.056;26.588;-10.074;0.0624;92.1;0.624;214.63
4.632372;-74.066720;87.4;1;30.31;32.352.951;75.135;19.596;26.404;-101.292;0.0624;90.9;0.6123;214.16
4.631249;-74.066613;87.1;1;30.79;32.363.022;75.036;19.596;26.496;-100.924;0.0585;89.7;0.6045;213.69
4.629848;-74.066795;86.8;1;30.77;32.363.022;75.240;19.688;26.864;-101.292;0.0468;88.5;0.6162;213.22
4.629848;-74.066205;86.5;1;30.53;3.238.316;75.218;19.964;2.714;-100.832;0.0429;87.3;0.624;212.75
4.629196;-74.066130;86.2;1;30.19;3.238.316;75.299;19.228;27.048;-101.384;0.0585;86.1;0.6162;212.28
4.628544;-74.066259;85.9;1;30.21;3.238.316;75.065;19.872;2.668;-100.648;0.039;84.9;0.5655;211.81
4.628159;-74.065594;85.6;1;30.25;3.238.316;75.061;19.596;26.404;-100.832;0.0624;83.7;0.6084;211.34
4.628092;-74.065249;85.3;1;30.2;3.239.323;75.011;19.688;26.588;-100.832;0.039;82.5;0.5772;210.87
4.628082;-74.065242;85;1;30.1;3.239.323;75.006;19.688;27.324;-100.648;0.0507;81.3;0.6162;210.4
4.627932;-74.064985;84.7;1;30.03;3.239.323;75.236;19.504;26.404;-101.108;0.0429;80.1;0.6123;209.93
4.627718;-74.064620;84.4;1;30.89;32.403.301;75.108;19.872;26.496;-101.016;0.0585;78.9;0.6318;209.46
4.627472;-74.064223;84.1;1;30.83;32.403.301;75.245;19.044;26.772;-100.648;0.0624;77.7;0.5889;208.99
4.627162;-74.063880;83.8;1;30.66;32.423.439;75.159;19.964;26.772;-100.832;0.0429;76.5;0.6162;208.52
4.626724;-74.065907;83.5;1;30.74;32.423.439;75.223;19.688;26.128;-100.556;0.0702;75.3;0.5928;208.05
4.626681;-74.063461;83.2;1;30.17;3.243.351;75.082;19.688;2.714;-10.166;0.039;74.1;0.5889;207.58
4.626221;-74.063096;82.9;1;30.39;3.243.351;75.116;19.964;2.668;-101.292;0.0468;72.9;0.6084;207.11
4.625729;-74.062667;82.6;1;30.72;32.453.651;75.016;1.978;26.588;-100.832;0.0858;71.7;0.6279;206.64
4.625109;-74.062259;82.3;1;30.37;32.453.651;75.206;19.044;26.404;-100.372;0.0585;70.5;0.6162;206.17
4.624628;-74.061937;82;1;30.98;32.453.651;75.005;19.504;26.128;-100.832;0.0429;69.3;0.6201;205.7
4.624018;-74.061765;81.7;1;30.52;32.453.651;75.083;1.932;26.588;-101.292;0.039;68.1;0.5967;205.23
4.623162;-74.061443;81.4;1;30.3;32.463.718;75.278;19.596;26.496;-100.924;0.0468;66.9;0.5772;204.76
4.622210;-74.061153;81.1;1;30.71;32.473.789;75.251;19.596;26.864;-101.476;0.0663;65.7;0.6162;204.29
4.621109;-74.061679;80.8;1;30.04;32.473.789;75.136;19.412;26.864;-10.12;0.0351;64.5;0.6123;203.82
4.619826;-74.061818;80.5;1;30.36;32.473.789;75.073;19.504;26.864;-100.464;0.039;63.3;0.6201;203.35
4.618349;-74.061143;80.2;1;30.65;32.473.789;75.103;1.978;26.772;-100.372;0.0858;62.1;0.6396;202.88
4.615338;-74.061903;79.9;1;30.4;32.473.789;75.056;19.688;27.048;-100.556;0.0624;60.9;0.5889;202.41
4.614878;-74.062826;79.6;1;30.6;32.493.931;75.050;19.872;26.864;-100.924;0.0429;59.7;0.6279;201.94
4.614397;-74.063384;79.3;1;30.17;32.493.931;75.127;19.688;26.772;-101.016;0.0429;58.5;0.6084;201.47
4.613424;-74.063287;79;1;30.13;32.504.002;75.275;19.412;26.864;-101.108;0.0507;57.3;0.6045;201
4.612489;-74.064193;78.7;1;30.95;32.504.002;75.006;19.596;26.772;-101.384;0.0585;56.1;0.5928;200.53
4.611195;-74.066935;78.4;1;30.69;32.504.002;75.042;19.872;26.588;-10.12;0.0468;54.9;0.5889;200.06
4.610338;-74.067280;78.1;1;30.06;32.504.002;75.157;20.056;26.496;-101.016;0.0585;53.7;0.6279;199.59
4.607312;-74.067068;77.8;1;30.71;32.524.139;75.007;19.596;26.404;-100.648;0.0429;52.5;0.6201;199.12
4.604393;-74.066371;77.5;1;30.53;32.524.139;75.272;19.504;26.772;-100.556;0.0507;51.3;0.6045;198.65
4.602832;-74.065867;77.2;1;30.15;3.253.421;75.170;19.412;27.048;-101.384;0.0546;50.1;0.6357;198.18
4.601538;-74.064783;76.9;1;30.53;3.253.421;75.241;1.978;26.864;-100.924;0.0507;48.9;0.6123;197.71
4.600303;-74.064009;76.6;1;30.81;3.253.421;75.279;19.688;26.404;-100.648;0.0507;47.7;0.5928;197.24
4.599426;-74.062625;76.3;1;30.61;3.253.421;75.296;19.688;26.956;-10.074;0.078;46.5;0.6201;196.77
4.599415;-74.060887;76;1;30.55;32.544.281;75.191;1.932;2.714;-101.384;0.0507;45.3;0.6045;196.3
4.599490;-74.060018;75.7;1;30.68;32.564.419;75.275;2.024;26.956;-10.074;0.0702;46.66;0.6006;195.83
4.599629;-74.058945;75.4;1;30.47;32.544.281;75.063;19.964;26.036;-10.074;0.0585;48.02;0.6162;195.36
4.602709;-74.057175;75.1;1;30.02;32.564.419;75.129;19.412;26.956;-100.924;0.0468;49.38;0.6162;194.89
4.603768;-74.055512;74.8;1;30.71;32.564.419;75.123;19.504;26.772;-100.832;0.0546;50.74;0.6201;194.42
4.605213;-74.054227;74.5;1;30.61;3.257.449;75.104;19.412;27.048;-101.292;0.0468;52.1;0.6123;193.95
4.606357;-74.053740;74.2;1;30.31;32.594.631;75.174;1.932;2.668;-101.108;0.078;53.46;0.6045;193.48
4.607544;-74.053112;73.9;1;30.21;32.594.631;75.269;19.964;26.956;-10.12;0.0624;54.82;0.5928;193.01
4.609431;-74.053550;73.6;1;30.5;32.594.631;75.235;19.504;26.496;-100.556;0.0702;56.18;0.5733;192.54
4.609784;-74.055996;73.3;1;30.92;32.594.631;75.211;1.978;26.772;-101.016;0.0585;57.54;0.6123;192.07
4.609656;-74.058045;73;1;30.56;32.594.631;75.166;19.964;26.772;-10.074;0.0507;58.9;0.5928;191.6
4.609004;-74.060641;72.7;1;30.73;32.604.698;75.022;19.228;2.668;-100.648;0.0663;60.26;0.6435;191.13
4.607550;-74.062572;72.4;1;30.87;32.594.631;75.054;1.932;26.496;-101.016;0.0702;61.62;0.6318;190.66
4.606085;-74.063924;72.1;1;30.39;32.594.631;75.205;19.596;27.048;-10.074;0.0507;62.98;0.6045;190.19
4.604805;-74.066479;71.8;1;30.83;32.604.698;75.207;19.412;26.404;-100.004;0.0585;64.34;0.624;189.72
4.604655;-74.069761;71.5;1;30.93;32.604.698;75.173;19.872;26.496;-10.074;0.0507;65.7;0.6045;189.25
4.608012;-74.072858;71.2;1;30.9;32.604.698;75.021;19.872;2.668;-100.832;0.0234;67.06;0.585;188.78
4.610482;-74.073040;70.9;1;30.89;32.604.698;75.046;19.504;27.232;-101.108;0.0663;68.42;0.6162;188.31
4.612877;-74.073072;70.6;1;30.66;32.614.769;75.234;19.504;2.668;-100.832;0.0585;69.78;0.585;187.84
4.615583;-74.072568;70.3;1;30.57;32.614.769;75.258;1.978;26.864;-101.292;0.0351;71.14;0.5889;187.37
4.617925;-74.071484;70;1;30.81;32.634.911;75.225;1.978;26.864;-101.292;0.0546;72.5;0.6006;186.9
4.619882;-74.070411;69.7;1;30.69;32.634.911;75.176;1.932;2.668;-101.108;0.0624;73.86;0.6279;186.43
4.622021;-74.069553;69.4;1;30.68;32.614.769;75.020;20.056;26.404;-10.12;0.0624;75.22;0.6084;185.96
4.624085;-74.069177;69.1;1;30.71;32.614.769;75.168;19.688;26.496;-100.648;0.0351;76.58;0.6123;185.49
4.626288;-74.068705;68.8;1;30.09;32.614.769;75.278;19.504;26.772;-101.384;0.0468;77.94;0.6006;185.02
4.628683;-74.068319;68.5;1;30.19;32.614.769;75.270;19.688;2.668;-10.074;0.039;79.3;0.5967;184.55
4.631207;-74.067825;68.2;1;30.63;32.634.911;75.044;19.044;27.048;-100.648;0.0546;80.66;0.585;184.08
4.633795;-74.067310;67.9;1;30.46;32.614.769;75.092;19.136;2.668;-101.016;0.0312;82.02;0.6045;183.61
4.633260;-74.066881;67.6;1;30.09;32.634.911;75.145;19.504;2.668;-100.924;0.0468;83.38;0.5772;183.14
4.632372;-74.066720;67.3;1;30.03;32.634.911;75.266;19.504;27.048;-10.028;0.0663;84.74;0.5928;182.67
4.631249;-74.066613;67;1;30.12;32.634.911;75.238;19.504;26.588;-100.464;0.0429;86.1;0.6201;182.2
4.629848;-74.066795;66.7;1;30.06;32.644.981;75.094;19.504;27.048;-101.476;0.0468;87.46;0.6084;181.73
4.629848;-74.066205;66.4;1;30.07;32.644.981;75.170;19.412;2.622;-100.832;0.0468;88.82;0.6084;181.26
4.629196;-74.066130;66.1;1;30.17;32.644.981;75.294;1.978;27.048;-101.568;0.0546;90.18;0.6084;180.79
4.628544;-74.066259;65.8;1;30.62;32.644.981;75.021;19.964;26.772;-100.004;0.0546;91.54;0.6162;180.32
4.628159;-74.065594;65.5;1;30.75;32.644.981;75.216;19.412;26.128;-100.832;0.0507;92.9;0.6123;179.85
4.628092;-74.065249;65.2;1;30.48;32.655.048;75.234;19.688;27.416;-101.292;0.0507;94.26;0.6006;179.38
4.628082;-74.065242;64.9;1;30.8;32.655.048;75.199;19.228;26.404;-100.004;0.0507;95.62;0.5889;178.91
4.627932;-74.064985;64.6;1;30.95;3.267.519;75.116;1.932;26.864;-100.832;0.0624;96.98;0.624;178.44
4.627718;-74.064620;64.3;1;30.96;3.267.519;75.229;19.964;26.588;-101.108;0.0507;98.34;0.5967;177.97
4.627472;-74.064223;64;1;30.73;3.267.519;75.213;20.148;26.864;-10.028;0.0546;99.7;0.5889;177.5
4.627162;-74.063880;63.7;1;30.91;32.685.261;75.090;19.504;26.496;-101.292;0.0585;101.06;0.5811;177.03
4.626724;-74.065907;63.4;1;30.9;32.685.261;75.165;1.932;26.864;-100.556;0.0507;102.42;0.6084;176.56
4.626681;-74.063461;63.1;1;30.46;32.685.261;75.284;2.024;26.864;-101.108;0.0468;103.78;0.6045;176.09
4.626221;-74.063096;62.8;1;30.82;32.705.399;75.232;1.932;26.772;-101.016;0.0702;105.14;0.6162;175.62
4.625729;-74.062667;62.5;1;30.58;32.705.399;75.049;19.688;26.864;-100.832;0.0429;106.5;0.5733;175.15
4.625109;-74.062259;62.2;1;30.79;32.705.399;75.181;19.228;26.864;-10.074;0.0429;107.86;0.6045;174.68
4.624628;-74.061937;61.9;1;30.58;32.715.469;75.100;1.932;26.496;-10.074;0.0507;109.22;0.6084;174.21
4.624018;-74.061765;61.6;1;30.4;32.715.469;75.072;19.688;27.048;-100.648;0.0468;110.58;0.5889;173.74
4.623162;-74.061443;61.3;1;30.01;32.715.469;75.064;20.056;26.864;-100.556;0.0468;111.94;0.6006;173.27
4.622210;-74.061153;61;1;30.04;3.272.554;75.149;19.596;26.588;-101.108;0.0702;113.3;0.6396;172.8
4.621109;-74.061679;60.7;1;30.82;32.715.469;75.244;19.688;26.956;-100.096;0.0468;114.66;0.5928;172.33
4.619826;-74.061818;60.4;1;30.5;3.272.554;75.102;19.412;2.622;-100.832;0.0429;116.02;0.6201;171.86
4.618349;-74.061143;60.1;1;30.72;3.272.554;75.187;20.148;26.956;-100.832;0.0585;117.38;0.6162;171.39
4.615338;-74.061903;59.8;1;30.56;3.272.554;75.053;1.978;26.496;-100.464;0.0546;118.74;0.5889;170.92
4.614878;-74.062826;59.5;1;30.31;32.745.682;75.045;19.688;2.714;-100.464;0.0312;120.1;0.6084;170.45
4.614397;-74.063384;59.2;1;30.64;32.745.682;75.106;19.136;26.496;-101.016;0.0546;121.46;0.5889;169.98
4.613424;-74.063287;58.9;1;30.4;32.755.749;75.080;19.412;2.668;-100.648;0.0468;122.82;0.5928;169.51
4.612489;-74.064193;58.6;1;30.07;32.745.682;75.018;19.596;26.404;-100.372;0.0624;124.18;0.6279;169.04
4.611195;-74.066935;58.3;1;30.46;32.755.749;75.030;20.148;26.404;-101.016;0.0585;125.54;0.624;168.57
4.610338;-74.067280;58;1;30.1;32.755.749;75.184;19.688;26.772;-100.648;0.0546;126.9;0.6045;168.1
4.607312;-74.067068;57.7;1;30.44;32.755.749;75.076;19.412;2.622;-100.648;0.0663;128.26;0.6006;167.63
4.604393;-74.066371;57.4;1;30.22;32.755.749;75.195;1.978;26.312;-100.832;0.0624;129.62;0.5967;167.16
4.602832;-74.065867;57.1;1;30.77;3.277.589;75.016;19.504;26.404;-100.464;0.0507;130.98;0.5928;166.69
4.601538;-74.064783;56.8;1;30.44;3.277.589;75.129;19.688;27.048;-100.924;0.039;132.34;0.6045;166.22
4.600303;-74.064009;56.5;1;30.45;3.277.589;75.193;19.412;26.496;-100.096;0.0507;133.7;0.5967;165.75
4.599426;-74.062625;56.2;1;30.13;3.277.589;75.136;19.688;26.496;-10.028;0.0468;135.06;0.6084;165.28
4.599415;-74.060887;55.9;1;30.45;32.755.749;75.287;1.932;27.048;-100.648;0.0624;136.42;0.6084;164.81
4.599490;-74.060018;55.6;1;30.62;3.277.589;75.156;19.228;2.668;-10.12;0.0624;137.78;0.6162;164.34
4.599629;-74.058945;55.3;1;30.31;3.277.589;75.258;1.978;26.956;-101.568;0.039;139.14;0.5967;163.87
4.602709;-74.057175;55;1;30.79;32.785.961;75.205;1.932;2.714;-100.464;0.0663;140.5;0.6162;163.4
4.603768;-74.055512;54.7;1;30.84;32.785.961;75.207;1.978;26.772;-101.568;0.0585;141.86;0.5928;162.93
4.605213;-74.054227;54.4;1;30.53;32.796.028;75.056;19.504;26.956;-101.016;0.0507;143.22;0.6123;162.46
4.606357;-74.053740;54.1;1;30.02;32.796.028;75.045;19.504;26.496;-101.384;0.0663;144.58;0.6162;161.99
4.607544;-74.053112;53.8;1;30.61;32.796.028;75.080;19.504;27.232;-101.752;0.0546;145.94;0.5889;161.52
4.609431;-74.053550;53.5;1;30.85;32.796.028;75.216;19.504;26.588;-101.292;0.0585;147.3;0.6201;161.05
4.609784;-74.055996;53.2;1;30.28;32.796.028;75.067;19.504;26.404;-10.074;0.0546;148.66;0.6162;160.58
4.609656;-74.058045;52.9;1;30.71;3.281.617;75.106;1.978;26.772;-100.648;0.0468;150.02;0.6084;160.11
4.609004;-74.060641;52.6;1;30.91;32.796.028;75.112;19.412;2.714;-101.108;0.0468;151.38;0.5655;159.64
4.607550;-74.062572;52.3;1;30.78;3.281.617;75.293;19.964;2.668;-100.832;0.0312;152.74;0.6396;159.17
4.606085;-74.063924;52;1;30.51;3.281.617;75.057;19.688;27.048;-10.12;0.0663;154.1;0.6084;158.7
4.604805;-74.066479;51.7;1;30.99;3.281.617;75.005;19.688;26.772;-10.074;0.0624;155.46;0.6318;158.23
4.604655;-74.069761;51.4;1;30.8;32.826.241;75.165;19.412;26.864;-100.464;0.0312;156.82;0.5772;157.76
4.608012;-74.072858;51.1;1;30.42;32.826.241;75.243;19.872;2.668;-100.464;0.0507;158.18;0.585;157.29
4.610482;-74.073040;50.8;1;30.29;32.826.241;75.008;19.872;26.772;-10.074;0.0468;159.54;0.6201;156.82
4.612877;-74.073072;50.5;1;30.2;32.826.241;75.275;19.872;26.864;-100.556;0.0624;160.9;0.624;156.35
4.615583;-74.072568;50.2;1;30.19;32.846.378;75.138;19.504;26.864;-101.292;0.0312;162.26;0.6201;155.88
4.617925;-74.071484;49.9;1;30.69;32.846.378;75.055;20.148;2.668;-100.372;0.0585;163.62;0.5967;155.41
4.619882;-74.070411;49.6;1;30.61;32.846.378;75.151;19.504;26.772;-100.464;0.0507;164.98;0.6045;154.94
4.622021;-74.069553;49.3;1;30.43;32.856.449;75.133;19.596;27.416;-101.108;0.0468;166.34;0.6084;154.47
4.624085;-74.069177;49;1;30.32;32.846.378;75.054;19.504;26.956;-101.292;0.0624;167.7;0.6201;154
4.626288;-74.068705;48.7;1;30.15;32.856.449;75.221;19.504;26.772;-100.648;0.0507;169.06;0.5889;153.53
4.628683;-74.068319;48.4;1;30.09;32.846.378;75.185;20.056;27.416;-101.384;0.0546;170.42;0.6318;153.06
4.631207;-74.067825;48.1;1;30.33;3.286.652;75.046;1.932;27.324;-100.832;0.0546;171.78;0.6396;152.59
4.633795;-74.067310;47.8;1;30.47;3.286.652;75.029;19.964;26.864;-100.832;0.0429;173.14;0.6162;152.12
4.633260;-74.066881;47.5;1;30.95;3.286.652;75.180;19.688;26.588;-10.074;0.0429;174.5;0.5889;151.65
4.632372;-74.066720;47.2;1;30.96;3.286.652;75.278;19.964;26.864;-100.188;0.0429;175.86;0.5811;151.18
4.631249;-74.066613;46.9;1;30.91;3.286.652;75.035;19.412;2.668;-100.832;0.039;177.22;0.5928;150.71
4.629848;-74.066795;46.6;1;30.75;3.286.652;75.166;19.596;26.588;-100.832;0.0546;178.58;0.5811;150.24
4.629848;-74.066205;46.3;1;30.13;32.886.662;75.159;19.964;26.772;-100.832;0.0546;179.94;0.585;149.77
4.629196;-74.066130;46;1;30.97;32.886.662;75.167;1.978;26.956;-10.074;0.0468;181.3;0.5889;149.3
4.628544;-74.066259;45.7;1;30.1;32.886.662;75.216;19.504;26.496;-100.924;0.0234;182.66;0.6201;148.83
4.628159;-74.065594;45.4;1;30.44;32.886.662;75.209;20.056;26.496;-10.074;0.0468;184.02;0.6162;148.36
4.628092;-74.065249;45.1;1;30.78;32.886.662;75.004;19.596;26.956;-101.108;0.0702;185.38;0.5967;147.89
4.628082;-74.065242;44.8;1;30.31;32.896.729;75.127;19.964;26.864;-100.648;0.0858;186.74;0.6045;147.42
4.627932;-74.064985;44.5;1;30.12;32.896.729;75.026;19.872;26.956;-100.924;0.0351;188.1;0.6045;146.95
4.627718;-74.064620;44.2;1;30.04;32.896.729;75.020;19.688;26.956;-100.464;0.0351;189.46;0.585;146.48
4.627472;-74.064223;43.9;1;30.93;32.896.729;75.050;19.964;2.668;-101.384;0.0273;190.82;0.6357;146.01
4.627162;-74.063880;43.6;1;30.36;32.896.729;75.115;19.504;26.312;-101.108;0.0741;192.18;0.5967;145.54
4.626724;-74.065907;43.3;1;30.96;32.896.729;75.222;19.596;2.668;-100.648;0.0507;193.54;0.6006;145.07
4.626681;-74.063461;43;1;30.73;3.291.687;75.218;18.952;26.864;-101.292;0.0468;194.9;0.5889;144.6
4.626221;-74.063096;42.7;1;30.97;3.291.687;75.197;19.412;26.588;-100.924;0.0663;196.26;0.6084;144.13
4.625729;-74.062667;42.4;1;30.87;3.291.687;75.269;19.688;26.404;-100.924;0.0624;197.62;0.585;143.66
4.625109;-74.062259;42.1;1;30.02;32.926.941;75.127;19.596;26.956;-10.12;0.0507;196.63;0.6162;143.19
4.624628;-74.061937;41.8;1;30.38;32.926.941;75.060;1.932;27.048;-100.372;0.0624;195.64;0.6162;142.72
4.624018;-74.061765;41.5;1;30.72;32.926.941;75.104;20.148;26.588;-100.096;0.0468;194.65;0.5772;142.25
4.623162;-74.061443;41.2;1;30.84;32.926.941;75.036;20.056;26.864;-100.832;0.0507;193.66;0.6201;141.78
4.622210;-74.061153;40.9;1;30.16;32.926.941;75.074;1.932;26.772;-100.832;0.0546;192.67;0.6045;141.31
4.621109;-74.061679;40.6;1;30.58;32.926.941;75.068;1.978;26.956;-10.074;0.0351;191.68;0.6513;140.84
4.619826;-74.061818;40.3;1;30.97;32.926.941;75.152;19.596;26.772;-101.016;0.0429;190.69;0.6084;140.37
4.618349;-74.061143;40;1;30.66;32.937.012;75.252;19.596;26.956;-101.384;0.0663;189.7;0.6318;139.9
4.615338;-74.061903;39.7;1;30.44;32.937.012;75.238;20.148;26.864;-101.384;0.0507;188.71;0.6162;139.43
4.614878;-74.062826;39.4;1;30.31;3.295.715;75.060;19.228;26.772;-100.556;0.078;187.72;0.5967;138.96
4.614397;-74.063384;39.1;1;30.7;32.937.012;75.157;19.228;26.864;-101.108;0.0507;186.73;0.6201;138.49
4.613424;-74.063287;38.8;1;30.95;3.295.715;75.055;19.964;2.714;-101.752;0.0546;185.74;0.5889;138.02
4.612489;-74.064193;38.5;1;30.69;3.295.715;75.137;1.932;26.864;-101.108;0.0429;184.75;0.6045;137.55
4.611195;-74.066935;38.2;1;30.96;3.295.715;75.152;19.688;2.668;-100.924;0.0468;183.76;0.6123;137.08
4.610338;-74.067280;37.9;1;30.74;3.295.715;75.166;1.932;27.508;-101.292;0.0312;182.77;0.5811;136.61
4.607312;-74.067068;37.6;1;30.72;3.296.722;75.069;19.596;26.864;-100.096;0.0351;181.78;0.6435;136.14
4.604393;-74.066371;37.3;1;30.91;3.296.722;75.148;19.688;26.128;-100.372;0.0585;180.79;0.6006;135.67
4.602832;-74.065867;37;1;30.06;3.296.722;75.246;1.978;26.864;-100.924;0.0351;179.8;0.5928;135.2
4.601538;-74.064783;36.7;1;30.22;32.977.291;75.044;19.688;27.232;-101.292;0.0273;178.81;0.6123;134.73
4.600303;-74.064009;36.4;1;30.8;32.977.291;75.257;19.504;26.864;-10.12;0.0663;177.82;0.6123;134.26
4.599426;-74.062625;36.1;1;30.72;3.296.722;75.017;20.148;26.864;-100.924;0.0468;176.83;0.6006;133.79
4.599415;-74.060887;35.8;1;30.66;32.977.291;75.027;19.688;2.714;-100.924;0.0624;175.84;0.5928;133.32
4.599490;-74.060018;35.5;1;30.12;32.977.291;75.260;1.978;26.864;-100.924;0.0546;174.85;0.6162;132.85
4.599629;-74.058945;35.2;1;30.4;32.977.291;75.266;19.412;26.404;-100.556;0.0819;173.86;0.624;132.38
4.602709;-74.057175;34.9;1;30.67;32.977.291;75.133;19.504;27.416;-101.568;0.0429;172.87;0.6123;131.91
4.603768;-74.055512;34.6;1;30.44;32.997.429;75.255;20.148;2.668;-100.188;0.0429;171.88;0.6201;131.44
4.605213;-74.054227;34.3;1;30.29;32.977.291;75.091;19.596;2.714;-10.12;0.0468;170.89;0.6279;130.97
4.606357;-74.053740;34;1;30.2;32.997.429;75.002;19.872;26.496;-101.016;0.0585;169.9;0.5928;130.5
4.607544;-74.053112;33.7;1;30.64;32.997.429;75.041;19.688;26.588;-100.832;0.0351;168.91;0.5772;130.03
4.609431;-74.053550;33.4;1;30.1;32.997.429;75.283;19.228;27.324;-101.752;0.0507;167.92;0.6435;129.56
4.609784;-74.055996;33.1;1;30.14;330.075;75.136;19.964;26.864;-100.832;0.0312;166.93;0.6474;128.24
4.609656;-74.058045;32.8;1;30.36;330.075;75.044;19.596;2.668;-100.464;0.0429;165.94;0.624;126.92
4.609004;-74.060641;32.5;1;30.63;330.075;75.283;1.978;27.048;-100.372;0.0702;164.95;0.585;125.6
4.607550;-74.062572;32.2;1;30.9;330.075;75.088;19.136;27.324;-100.832;0.0546;163.96;0.5928;124.28
4.606085;-74.063924;31.9;1;30.25;330.075;75.212;19.044;27.232;-100.924;0.0507;162.97;0.5889;122.96
4.604805;-74.066479;31.6;1;30.84;330.075;75.278;19.596;26.588;-101.568;0.0546;161.98;0.5889;121.64
4.604655;-74.069761;31.3;1;30.83;33.027.641;75.042;19.964;2.714;-100.464;0.039;160.99;0.6318;120.32
4.608012;-74.072858;31;1;30.48;330.075;75.248;19.596;26.956;-100.648;0.0312;160;0.6201;119
4.610482;-74.073040;30.7;1;30.85;330.075;75.048;19.596;2.714;-10.12;0.0312;159.01;0.6279;117.68
4.612877;-74.073072;30.4;1;30.08;330.075;75.088;19.504;26.864;-10.166;0.0507;158.02;0.5772;116.36
4.615583;-74.072568;30.1;1;30.39;330.075;75.258;19.504;27.048;-101.292;0.0468;157.03;0.6084;115.04
4.617925;-74.071484;29.8;1;30.72;32.997.429;75.138;19.596;27.048;-10.12;0.0507;156.04;0.6123;113.72
4.619882;-74.070411;29.5;1;30.36;32.977.291;75.171;19.228;26.036;-100.832;0.0663;155.05;0.6162;112.4
4.622021;-74.069553;29.2;1;30.72;32.997.429;75.025;19.228;26.312;-101.016;0.0429;154.06;0.6318;111.08
4.624085;-74.069177;28.9;1;30.23;32.997.429;75.251;19.228;27.232;-101.016;0.0468;153.07;0.6006;109.76
4.626288;-74.068705;28.6;1;30.1;330.075;75.240;20.332;27.232;-10.074;0.0468;152.08;0.5967;108.44
4.628683;-74.068319;28.3;1;30.2;330.075;75.262;19.504;2.714;-100.464;0.0351;151.09;0.5694;107.12
4.631207;-74.067825;28;1;30.37;330.075;75.145;19.964;27.232;-101.016;0.0429;150.1;0.6318;105.8
4.633795;-74.067310;27.7;1;30.19;330.075;75.217;1.978;26.772;-101.108;0.0624;149.11;0.5811;104.48
4.633260;-74.066881;27.4;1;30.37;330.075;75.108;19.872;26.588;-10.12;0.0468;148.12;0.6045;103.16
4.632372;-74.066720;27.1;1;30.95;32.997.429;75.266;19.872;27.048;-100.648;0.039;147.13;0.5811;101.84
4.631249;-74.066613;26.8;1;30.31;32.997.429;75.138;19.964;2.668;-10.028;0.0468;146.14;0.5889;100.52
4.629848;-74.066795;26.5;1;30.19;32.997.429;75.103;1.978;26.312;-101.108;0.0624;145.15;0.5928;99.2
4.629848;-74.066205;26.2;1;30.77;330.075;75.092;19.504;26.312;-100.648;0.0234;144.16;0.6201;97.88
4.629196;-74.066130;25.9;1;30.34;330.075;75.271;19.688;26.956;-100.464;0.0624;143.17;0.6045;96.56
4.628544;-74.066259;25.6;1;30.8;330.075;75.183;19.688;2.714;-101.384;0.0585;142.18;0.624;95.24
4.628159;-74.065594;25.3;1;30.37;330.075;75.108;18.952;27.048;-101.476;0.0585;141.19;0.624;93.92
4.628092;-74.065249;25;1;30.75;330.075;75.077;1.978;27.048;-100.464;0.0546;140.2;0.6123;92.6
4.628082;-74.065242;24.7;1;30.94;330.075;75.224;19.964;26.404;-100.648;0.0429;139.21;0.6006;91.28
4.627932;-74.064985;24.4;1;30.94;32.997.429;75.240;19.596;26.864;-100.464;0.0507;138.22;0.6045;89.96
4.627718;-74.064620;24.1;1;30.28;32.997.429;75.029;19.228;26.404;-101.016;0.039;137.23;0.6084;88.64
4.627472;-74.064223;23.8;1;30.84;32.997.429;75.188;19.596;26.588;-100.832;0.0468;136.24;0.6201;87.32
4.627162;-74.063880;23.5;1;30.39;32.997.429;75.030;1.932;26.588;-101.016;0.0468;135.25;0.6162;86
4.626724;-74.065907;23.2;1;30.84;32.997.429;75.246;19.412;26.772;-100.464;0.0585;134.26;0.6123;84.68
4.626681;-74.063461;22.9;1;30.15;32.997.429;75.280;19.596;26.772;-10.028;0.0585;133.27;0.624;83.36
4.626221;-74.063096;22.6;1;30.23;330.075;75.196;19.688;26.772;-10.074;0.0429;132.28;0.585;82.04
4.625729;-74.062667;22.3;1;30.7;32.997.429;75.129;19.964;27.416;-101.016;0.0351;131.29;0.5889;80.72
4.625109;-74.062259;22;1;30.72;32.997.429;75.230;1.932;27.232;-10.12;0.0468;130.3;0.6162;79.4
4.624628;-74.061937;21.7;1;30.18;32.997.429;75.075;19.596;2.714;-100.924;0.0585;129.31;0.5967;78.08
4.624018;-74.061765;21.4;1;30.67;32.997.429;75.054;19.504;27.324;-100.648;0.0429;128.32;0.624;76.76
4.623162;-74.061443;21.1;1;30.85;32.997.429;75.104;19.504;2.714;-101.108;0.0624;127.33;0.6084;75.44
4.622210;-74.061153;20.8;1;30.51;330.075;75.275;19.596;26.588;-100.924;0.0546;126.34;0.5655;74.12
4.621109;-74.061679;20.5;1;30.27;32.997.429;75.119;19.228;2.714;-100.832;0.0585;125.35;0.6123;72.8
4.619826;-74.061818;20.2;1;30.52;32.997.429;75.052;19.688;26.864;-99.912;0.0507;124.36;0.5967;71.48
4.618349;-74.061143;19.9;1;30.04;32.997.429;75.017;1.932;26.496;-100.372;0.0351;123.37;0.624;70.16
4.615338;-74.061903;19.6;1;30.78;32.997.429;75.115;19.596;26.496;-101.016;0.0546;122.38;0.6123;68.84
4.614878;-74.062826;19.3;1;30.33;32.997.429;75.039;19.412;26.772;-100.464;0.0351;121.39;0.5967;67.52
4.614397;-74.063384;19;1;30.5;330.075;75.036;19.596;26.956;-101.108;0.0702;120.4;0.6084;66.2
4.613424;-74.063287;18.7;1;30.84;330.075;75.152;19.412;26.864;-100.832;0.0429;119.41;0.6006;64.88
4.612489;-74.064193;18.4;1;30.08;32.997.429;75.038;19.228;26.956;-100.832;0.039;118.42;0.585;63.56
4.611195;-74.066935;18.1;1;30.93;32.997.429;75.198;19.228;26.864;-101.108;0.0546;117.43;0.5967;62.24
4.610338;-74.067280;17.8;1;30.92;32.997.429;75.243;19.504;26.496;-100.556;0.0507;116.44;0.6045;60.92
4.607312;-74.067068;17.5;1;30.7;32.997.429;75.247;20.056;26.772;-101.292;0.039;115.45;0.6045;59.6
4.604393;-74.066371;17.2;1;30.04;32.997.429;75.109;19.504;27.232;-101.384;0.0741;114.46;0.6123;58.28
4.602832;-74.065867;16.9;1;30.15;32.997.429;75.187;19.228;26.772;-99.912;0.0429;113.47;0.5772;56.96
4.601538;-74.064783;16.6;1;30.88;32.997.429;75.233;19.872;26.864;-101.108;0.039;112.48;0.5889;55.64
4.600303;-74.064009;16.3;1;30.41;330.075;75.165;19.504;26.772;-100.188;0.0546;111.49;0.6162;54.32
4.599426;-74.062625;16;1;30.7;330.075;75.131;19.872;27.048;-101.016;0.0585;110.5;0.5928;53
4.599415;-74.060887;15.7;1;30.11;32.997.429;75.240;1.932;2.714;-100.924;0.0312;109.51;0.6006;51.68
4.599490;-74.060018;15.4;1;30.48;32.997.429;75.255;1.978;26.772;-100.832;0.0546;108.52;0.5889;50.36
4.599629;-74.058945;15.1;1;30.94;330.075;75.293;19.136;26.864;-100.832;0.039;107.53;0.6123;49.04
4.602709;-74.057175;14.8;1;30.41;330.075;75.171;19.688;26.956;-10.12;0.0507;106.54;0.6045;47.72
4.603768;-74.055512;14.5;1;30.42;330.075;75.088;19.596;2.714;-101.016;0.0624;105.55;0.6123;46.4
4.605213;-74.054227;14.2;1;30.51;330.075;75.241;19.504;27.416;-101.936;0.039;104.56;0.6162;45.08
4.606357;-74.053740;13.9;1;30.04;330.075;75.143;20.332;27.324;-101.384;0.0663;103.57;0.6123;43.76
4.607544;-74.053112;13.6;1;30.6;330.075;75.038;1.978;27.048;-102.028;0.0429;102.58;0.5928;42.44
4.609431;-74.053550;13.3;1;30.34;330.075;75.275;19.872;2.668;-102.028;0.0546;101.59;0.6318;41.12
4.609784;-74.055996;13;1;30.8;32.997.429;75.055;2.024;26.772;-10.166;0.039;100.6;0.6162;39.8
4.609656;-74.058045;12.7;1;30.66;330.075;75.200;20.056;2.668;-101.568;0.0546;99.61;0.6006;38.48
4.609004;-74.060641;12.4;1;30.97;330.075;75.104;20.332;26.956;-101.384;0.0585;98.62;0.6084;37.16
4.607550;-74.062572;12.1;1;30.12;330.075;75.262;20.148;26.772;-101.752;0.0585;97.63;0.6201;35.84
4.606085;-74.063924;11.8;1;30.56;330.075;75.113;19.596;2.668;-101.108;0.0585;96.64;0.6162;34.52
4.604805;-74.066479;11.5;1;30.05;330.075;75.002;20.148;2.668;-101.476;0.0585;95.65;0.6435;33.2
4.604655;-74.069761;11.2;1;30.96;330.075;75.175;19.688;2.76;-101.568;0.0546;94.66;0.6201;31.88
4.608012;-74.072858;10.9;1;30.15;330.075;75.063;19.872;2.668;-101.016;0.0429;93.67;0.6279;30.56
4.610482;-74.073040;10.6;1;30.02;330.075;75.259;19.688;26.956;-10.12;0.0351;92.68;0.6045;29.24
4.612877;-74.073072;10.3;1;30.92;32.997.429;75.117;19.964;27.232;-101.568;0.0663;91.69;0.624;27.92
4.615583;-74.072568;10;1;30.71;32.997.429;75.183;20.792;2.714;-101.476;0.0312;90.7;0.6045;26.6
4.617925;-74.071484;9.7;1;30.4;32.997.429;75.206;20.424;27.232;-101.476;0.0585;89.71;0.6162;25.28
4.619882;-74.070411;9.4;1;30.79;32.997.429;75.117;19.872;26.772;-101.568;0.0546;88.72;0.6201;23.96
4.622021;-74.069553;9.1;1;30.13;32.997.429;75.150;19.596;26.864;-101.476;0.0468;87.73;0.5967;22.64
4.624085;-74.069177;8.8;1;30.4;32.997.429;75.017;20.424;27.324;-101.384;0.0468;86.74;0.6045;21.32
4.626288;-74.068705;8.5;1;30.42;32.997.429;75.243;19.504;26.772;-101.292;0.0351;85.75;0.6045;20
4.628683;-74.068319;8.2;1;30.26;32.977.291;75.288;2.024;27.324;-102.028;0.0546;84.76;0.5772;18.68
4.631207;-74.067825;7.9;1;30.79;32.977.291;75.036;2.024;2.668;-10.12;0.0468;83.77;0.5928;17.36
4.633795;-74.067310;7.6;1;30.34;32.977.291;75.292;2.024;27.048;-10.074;0.0585;82.78;0.6045;17.03
4.633260;-74.066881;7.3;1;30.63;32.977.291;75.061;19.504;27.324;-101.384;0.0585;81.79;0.6123;16.7
4.632372;-74.066720;7;1;30.4;32.977.291;75.005;20.608;26.956;-101.108;0.0507;80.8;0.585;16.37
4.631249;-74.066613;6.7;1;30.72;32.977.291;75.137;2.024;27.048;-101.292;0.0546;79.81;0.6357;16.04
4.629848;-74.066795;6.4;1;30.63;32.977.291;75.158;20.056;26.772;-101.568;0.0507;78.82;0.6357;15.71
4.629848;-74.066205;6.1;1;30.87;32.977.291;75.222;20.056;26.404;-101.384;0.0351;77.83;0.6279;15.38
4.629196;-74.066130;5.8;1;30.15;32.977.291;75.084;2.024;2.714;-101.568;0.0468;76.84;0.6201;15.05
4.628544;-74.066259;5.5;1;30.48;32.997.429;75.264;19.688;27.048;-101.292;0.0546;75.85;0.624;14.72
4.628159;-74.065594;5.2;1;30.2;32.977.291;75.076;20.148;26.496;-101.568;0.0585;74.86;0.6084;14.39
4.628092;-74.065249;4.9;1;30.24;32.997.429;75.228;20.424;27.232;-10.166;0.0624;73.87;0.6357;14.06
4.628082;-74.065242;4.6;1;30.31;32.997.429;75.008;1.978;2.622;-101.476;0.0585;72.88;0.6084;13.73
4.627932;-74.064985;4.3;1;30.96;32.997.429;75.139;19.872;27.048;-101.016;0.0624;71.89;0.6201;13.4
4.627718;-74.064620;4;1;30.78;32.977.291;75.134;1.978;2.714;-101.108;0.0585;70.9;0.6318;13.07
4.627472;-74.064223;3.7;1;30.1;32.997.429;75.044;1.978;26.956;-10.12;0.0702;69.91;0.624;12.74
4.627162;-74.063880;3.4;1;30.53;32.997.429;75.107;1.978;26.588;-101.844;0.0351;68.92;0.585;12.41
4.626724;-74.065907;3.1;1;30.91;32.977.291;75.062;19.688;26.864;-101.752;0.039;65.92;0.5967;12.08
4.626681;-74.063461;2.8;1;30.63;32.997.429;75.185;19.596;27.508;-101.292;0.0546;62.92;0.624;11.75
4.626221;-74.063096;2.5;1;30.66;32.977.291;75.137;2.024;2.714;-101.292;0.039;59.92;0.6201;11.42
4.625729;-74.062667;2.2;1;30.2;32.977.291;75.262;19.412;26.772;-101.568;0.0585;56.92;0.6123;11.09
4.625109;-74.062259;1.9;1;30.05;32.997.429;75.108;2.024;27.232;-101.016;0.0546;53.92;0.6201;10.76
4.624628;-74.061937;1.6;1;30.18;32.997.429;75.029;20.056;27.324;-101.844;0.0702;50.92;0.6123;10.43
4.624018;-74.061765;1.3;1;30.9;32.977.291;75.248;20.056;2.714;-101.936;0.0507;47.92;0.5889;10.1
4.623162;-74.061443;1;1;30.2;32.977.291;75.207;19.872;27.048;-101.292;0.0585;44.92;0.6006;9.77
4.622210;-74.061153;1;1;30.79;32.977.291;75.095;19.964;26.956;-101.752;0.0585;41.92;0.6279;9.44
4.621109;-74.061679;0.7;1;30.65;32.977.291;75.067;20.148;2.76;-100.832;0.0585;38.92;0.6006;9.11
4.619826;-74.061818;0.4;1;30.99;32.977.291;75.273;19.872;26.956;-101.936;0.0546;35.92;0.6045;8.78
4.618349;-74.061143;0.1;1;30.47;32.997.429;75.183;20.332;26.772;-10.166;0.0624;32.92;0.6084;8.45
4.615338;-74.061903;-0.2;1;30.42;32.977.291;75.194;19.688;27.324;-101.844;0.0546;29.92;0.6045;8.12
4.614878;-74.062826;-0.5;1;30.02;32.977.291;75.167;20.516;26.772;-101.108;0.0507;26.92;0.5928;7.79
4.614397;-74.063384;-0.8;1;30.08;3.296.722;75.049;19.964;26.772;-101.292;0.0429;23.92;0.6006;7.46
4.613424;-74.063287;-1.1;1;30.69;32.977.291;75.248;20.332;27.692;-101.568;0.0546;20.92;0.6162;7.13
4.612489;-74.064193;-1.4;1;30.11;32.977.291;75.192;20.516;26.956;-10.12;0.0741;17.92;0.5694;6.8
4.611195;-74.066935;-1.7;1;30.29;32.977.291;75.116;20.148;2.76;-101.568;0.0546;14.92;0.5889;6.47
4.610338;-74.067280;-2;1;30.88;32.977.291;75.061;20.056;26.864;-101.476;0.0429;11.92;0.5889;6.14
4.607312;-74.067068;-2.3;1;30.31;32.977.291;75.116;20.332;26.772;-101.568;0.0507;8.92;0.6084;5.81
4.604393;-74.066371;-2.6;1;30.82;32.977.291;75.252;20.056;2.668;-100.832;0.0585;5.92;0.5655;5.48
4.602832;-74.065867;-2.9;1;30.61;32.997.429;75.159;20.148;26.772;-101.844;0.0663;2.92;0.5928;5.15
4.601538;-74.064783;-3.2;1;30.06;32.977.291;75.015;19.872;26.772;-10.074;0.0546;0;0.5967;4.82
4.600303;-74.064009;-3.5;1;30.01;32.977.291;75.107;19.688;27.048;-10.212;0.0546;0;0.6201;4.49
4.599426;-74.062625;-3.8;1;30.56;32.997.429;75.039;19.872;26.864;-101.476;0.0312;0;0.6162;4.16
4.599415;-74.060887;-4.1;1;30.59;32.977.291;75.034;19.688;2.668;-101.108;0.0507;0;0.6123;3.83
4.599490;-74.060018;-4.4;1;30.9;32.977.291;75.285;19.228;27.232;-101.476;0.0429;0;0.6006;3.5
4.599629;-74.058945;-4.7;1;30.82;32.997.429;75.041;19.688;27.048;-101.476;0.0546;0;0.5928;3.17
4.602709;-74.057175;-5;1;30.78;32.977.291;75.002;2.024;27.048;-100.464;0.0585;0;0.624;2.84
4.603768;-74.055512;-5.3;1;30.71;32.997.429;75.273;19.964;26.496;-101.568;0.0429;0;0.6396;2.51
4.605213;-74.054227;-5.6;1;30.68;32.997.429;75.032;20.056;2.714;-10.12;0.0195;0;0.6279;2.42
4.606357;-74.053740;-5.9;1;30.49;32.997.429;75.192;1.978;2.714;-101.476;0.0585;0;0.6045;2.33
4.607544;-74.053112;-6.2;1;30.92;32.997.429;75.098;19.872;26.772;-101.384;0.0468;0;0.6201;2.24
4.609431;-74.053550;-6.5;1;30.98;32.997.429;75.012;20.332;2.714;-100.556;0.0663;0;0.6162;2.15
4.609784;-74.055996;-6.8;1;30.67;32.997.429;75.130;2.024;26.864;-101.476;0.0624;0;0.6123;2.06
4.609656;-74.058045;-7.1;1;30.35;32.997.429;75.143;20.056;27.048;-100.832;0.0702;0;0.6279;1.97
4.609004;-74.060641;-7.4;1;30.83;32.997.429;75.170;1.978;26.588;-100.832;0.0507;0;0.6201;1.88
4.607550;-74.062572;-7.7;1;30.41;32.997.429;75.046;20.056;26.956;-10.074;0.0546;0;0.6084;1.79
4.606085;-74.063924;-8;1;30.69;32.997.429;75.052;19.872;27.048;-101.016;0.0429;0;0.6357;1.7
4.604805;-74.066479;-8.3;1;30.66;32.997.429;75.289;19.596;27.048;-100.924;0.0663;0;0.6123;1.61
4.604655;-74.069761;-8.6;1;30.87;32.997.429;75.286;19.964;26.956;-10.166;0.0468;0;0.6123;1.52
4.608012;-74.072858;-8.9;1;30.94;32.997.429;75.002;20.516;27.416;-10.12;0.0429;0;0.6201;1.43
4.610482;-74.073040;-9.2;1;30.86;32.997.429;75.086;20.148;27.232;-101.476;0.0429;0;0.6357;1.34
4.612877;-74.073072;-9.5;1;30.08;32.997.429;75.101;20.148;2.714;-101.568;0.0429;0;0.5928;1.25
4.615583;-74.072568;-9.8;1;30.29;32.997.429;75.147;1.978;27.232;-100.832;0.0585;0;0.6201;1.16
4.617925;-74.071484;-10.1;1;30.3;32.997.429;75.258;20.516;27.232;-100.832;0.0429;0;0.6318;0.5
4.619882;-74.070411;-10.4;1;30.48;32.997.429;75.276;19.964;26.864;-101.108;0.0468;0;0.5889;0
